{
  "state_scaling": [
    {
      "n_states": 50,
      "time_ms": 0.9573746530804783,
      "normalized": 382.9498612321913
    },
    {
      "n_states": 100,
      "time_ms": 3.2051582005806267,
      "normalized": 320.5158200580627
    },
    {
      "n_states": 200,
      "time_ms": 12.861368752783164,
      "normalized": 321.5342188195791
    },
    {
      "n_states": 400,
      "time_ms": 53.2930905057583,
      "normalized": 333.0818156609894
    },
    {
      "n_states": 800,
      "time_ms": 211.76972775137983,
      "normalized": 330.890199611531
    }
  ],
  "action_scaling": [
    {
      "n_actions": 2,
      "time_ms": 12.527311709709466,
      "normalized": 6263.655854854733
    },
    {
      "n_actions": 5,
      "time_ms": 12.720027088653296,
      "normalized": 2544.0054177306592
    },
    {
      "n_actions": 10,
      "time_ms": 12.679880653740838,
      "normalized": 1267.9880653740838
    },
    {
      "n_actions": 20,
      "time_ms": 12.498008250258863,
      "normalized": 624.9004125129431
    },
    {
      "n_actions": 50,
      "time_ms": 13.59163336455822,
      "normalized": 271.8326672911644
    },
    {
      "n_actions": 100,
      "time_ms": 12.943896534852684,
      "normalized": 129.43896534852684
    }
  ],
  "sufficient_vs_insufficient": [
    {
      "n_states": 100,
      "sufficient_ms": 3.260537754977122,
      "insufficient_ms": 0.012740556849166751,
      "speedup": 255.91799429005061
    },
    {
      "n_states": 200,
      "sufficient_ms": 13.462878757854924,
      "insufficient_ms": 0.011872703908011317,
      "speedup": 1133.9353581260127
    },
    {
      "n_states": 400,
      "sufficient_ms": 53.98440024582669,
      "insufficient_ms": 0.0123174162581563,
      "speedup": 4382.769820747067
    },
    {
      "n_states": 800,
      "sufficient_ms": 212.40760500659235,
      "insufficient_ms": 0.01200739643536508,
      "speedup": 17689.730338293288
    }
  ]
}