case_name,worker_count,well_count,timestamp,pid,worker_slot,axis_id,step_name,phase,status,percent,completed,total
cp_tutorial_advanced_segmentation_final,2,8,1790205535.8161974,3628094,,,pipeline,compile,started,0.0,0,16
cp_tutorial_advanced_segmentation_final,2,8,1790205538.675544,3628094,,,,init,started,0.0,0,1
cp_tutorial_advanced_segmentation_final,2,8,1790205540.676397,3628094,,,pipeline,compile,running,0.0,0,16
cp_tutorial_advanced_segmentation_final,2,8,1790205542.6771567,3628094,,,pipeline,compile,running,0.0,0,16
cp_tutorial_advanced_segmentation_final,2,8,1790205544.683179,3628094,,,pipeline,compile,running,0.0,0,16
cp_tutorial_advanced_segmentation_final,2,8,1790205546.687778,3628094,,,pipeline,compile,running,0.0,0,16
cp_tutorial_advanced_segmentation_final,2,8,1790205548.6934016,3628094,,,pipeline,compile,running,0.0,0,16
cp_tutorial_advanced_segmentation_final,2,8,1790205550.079702,3628094,,A01,compilation,compile,running,12.5,1,8
cp_tutorial_advanced_segmentation_final,2,8,1790205550.6977105,3628094,,,pipeline,compile,running,0.0,0,16
cp_tutorial_advanced_segmentation_final,2,8,1790205552.7011561,3628094,,,pipeline,compile,running,0.0,0,16
cp_tutorial_advanced_segmentation_final,2,8,1790205554.7018716,3628094,,,pipeline,compile,running,0.0,0,16
cp_tutorial_advanced_segmentation_final,2,8,1790205556.7024417,3628094,,,pipeline,compile,running,0.0,0,16
cp_tutorial_advanced_segmentation_final,2,8,1790205558.7077034,3628094,,,pipeline,compile,running,0.0,0,16
cp_tutorial_advanced_segmentation_final,2,8,1790205559.048606,3628094,,A12,compilation,compile,running,25.0,2,8
cp_tutorial_advanced_segmentation_final,2,8,1790205560.7082217,3628094,,,pipeline,compile,running,0.0,0,16
cp_tutorial_advanced_segmentation_final,2,8,1790205562.709189,3628094,,,pipeline,compile,running,0.0,0,16
cp_tutorial_advanced_segmentation_final,2,8,1790205564.7271335,3628094,,,pipeline,compile,running,0.0,0,16
cp_tutorial_advanced_segmentation_final,2,8,1790205566.728967,3628094,,,pipeline,compile,running,0.0,0,16
cp_tutorial_advanced_segmentation_final,2,8,1790205568.3428712,3628094,,B01,compilation,compile,running,37.5,3,8
cp_tutorial_advanced_segmentation_final,2,8,1790205568.7299082,3628094,,,pipeline,compile,running,0.0,0,16
cp_tutorial_advanced_segmentation_final,2,8,1790205570.7370253,3628094,,,pipeline,compile,running,0.0,0,16
cp_tutorial_advanced_segmentation_final,2,8,1790205572.7454498,3628094,,,pipeline,compile,running,0.0,0,16
cp_tutorial_advanced_segmentation_final,2,8,1790205574.7522795,3628094,,,pipeline,compile,running,0.0,0,16
cp_tutorial_advanced_segmentation_final,2,8,1790205576.7533777,3628094,,,pipeline,compile,running,0.0,0,16
cp_tutorial_advanced_segmentation_final,2,8,1790205577.8241057,3628094,,B12,compilation,compile,running,50.0,4,8
cp_tutorial_advanced_segmentation_final,2,8,1790205578.7557418,3628094,,,pipeline,compile,running,0.0,0,16
cp_tutorial_advanced_segmentation_final,2,8,1790205580.7613032,3628094,,,pipeline,compile,running,0.0,0,16
cp_tutorial_advanced_segmentation_final,2,8,1790205582.7725508,3628094,,,pipeline,compile,running,0.0,0,16
cp_tutorial_advanced_segmentation_final,2,8,1790205584.7778213,3628094,,,pipeline,compile,running,0.0,0,16
cp_tutorial_advanced_segmentation_final,2,8,1790205586.5607302,3628094,,C01,compilation,compile,running,62.5,5,8
cp_tutorial_advanced_segmentation_final,2,8,1790205586.7830646,3628094,,,pipeline,compile,running,0.0,0,16
cp_tutorial_advanced_segmentation_final,2,8,1790205588.7925313,3628094,,,pipeline,compile,running,0.0,0,16
cp_tutorial_advanced_segmentation_final,2,8,1790205590.7960982,3628094,,,pipeline,compile,running,0.0,0,16
cp_tutorial_advanced_segmentation_final,2,8,1790205592.8024364,3628094,,,pipeline,compile,running,0.0,0,16
cp_tutorial_advanced_segmentation_final,2,8,1790205594.9955475,3628094,,,pipeline,compile,running,0.0,0,16
cp_tutorial_advanced_segmentation_final,2,8,1790205595.7242358,3628094,,C12,compilation,compile,running,75.0,6,8
cp_tutorial_advanced_segmentation_final,2,8,1790205596.9978778,3628094,,,pipeline,compile,running,0.0,0,16
cp_tutorial_advanced_segmentation_final,2,8,1790205599.0012698,3628094,,,pipeline,compile,running,0.0,0,16
cp_tutorial_advanced_segmentation_final,2,8,1790205601.0054755,3628094,,,pipeline,compile,running,0.0,0,16
cp_tutorial_advanced_segmentation_final,2,8,1790205603.0065932,3628094,,,pipeline,compile,running,0.0,0,16
cp_tutorial_advanced_segmentation_final,2,8,1790205604.7116086,3628094,,D01,compilation,compile,running,87.5,7,8
cp_tutorial_advanced_segmentation_final,2,8,1790205605.0112536,3628094,,,pipeline,compile,running,0.0,0,16
cp_tutorial_advanced_segmentation_final,2,8,1790205607.0146418,3628094,,,pipeline,compile,running,0.0,0,16
cp_tutorial_advanced_segmentation_final,2,8,1790205609.0255885,3628094,,,pipeline,compile,running,0.0,0,16
cp_tutorial_advanced_segmentation_final,2,8,1790205611.02927,3628094,,,pipeline,compile,running,0.0,0,16
cp_tutorial_advanced_segmentation_final,2,8,1790205613.4422872,3628094,,,pipeline,compile,running,0.0,0,16
cp_tutorial_advanced_segmentation_final,2,8,1790205614.03214,3628094,,D12,compilation,compile,running,100.0,8,8
cp_tutorial_advanced_segmentation_final,2,8,1790205615.4472144,3628094,,,pipeline,compile,running,0.0,0,16
cp_tutorial_advanced_segmentation_final,2,8,1790205617.4486318,3628094,,,pipeline,compile,running,0.0,0,16
cp_tutorial_advanced_segmentation_final,2,8,1790205617.8659337,3628094,,,,init,started,0.0,0,1
cp_tutorial_advanced_segmentation_final,2,8,1790205617.866003,3628094,,,pipeline,compile,success,100.0,1,16
cp_tutorial_advanced_segmentation_final,2,8,1790205617.866039,3628094,,A01,compilation,compile,success,100.0,1,1
cp_tutorial_advanced_segmentation_final,2,8,1790205617.8660717,3628094,,A12,compilation,compile,success,100.0,1,1
cp_tutorial_advanced_segmentation_final,2,8,1790205617.8661025,3628094,,B01,compilation,compile,success,100.0,1,1
cp_tutorial_advanced_segmentation_final,2,8,1790205617.8661323,3628094,,B12,compilation,compile,success,100.0,1,1
cp_tutorial_advanced_segmentation_final,2,8,1790205617.866162,3628094,,C01,compilation,compile,success,100.0,1,1
cp_tutorial_advanced_segmentation_final,2,8,1790205617.866192,3628094,,C12,compilation,compile,success,100.0,1,1
cp_tutorial_advanced_segmentation_final,2,8,1790205617.8662214,3628094,,D01,compilation,compile,success,100.0,1,1
cp_tutorial_advanced_segmentation_final,2,8,1790205617.866252,3628094,,D12,compilation,compile,success,100.0,1,1
cp_tutorial_advanced_segmentation_final,2,8,1790205619.6983078,3628094,,,,init,started,0.0,0,1
cp_tutorial_advanced_segmentation_final,2,8,1790205619.7975004,3635432,worker_0,A01,pipeline,axis_started,started,0.0,0,16
cp_tutorial_advanced_segmentation_final,2,8,1790205619.7981157,3635432,worker_0,A01,CorrectIlluminationApply,step_started,started,0.0,0,16
cp_tutorial_advanced_segmentation_final,2,8,1790205619.835676,3635434,worker_1,A12,pipeline,axis_started,started,0.0,0,16
cp_tutorial_advanced_segmentation_final,2,8,1790205619.8363004,3635434,worker_1,A12,CorrectIlluminationApply,step_started,started,0.0,0,16
cp_tutorial_advanced_segmentation_final,2,8,1790205621.5311859,3635432,worker_0,A01,CorrectIlluminationApply,pattern_group,running,20.0,1,5
cp_tutorial_advanced_segmentation_final,2,8,1790205621.5595574,3635434,worker_1,A12,CorrectIlluminationApply,pattern_group,running,20.0,1,5
cp_tutorial_advanced_segmentation_final,2,8,1790205621.99739,3635432,worker_0,A01,CorrectIlluminationApply,pattern_group,running,40.0,2,5
cp_tutorial_advanced_segmentation_final,2,8,1790205622.036645,3635434,worker_1,A12,CorrectIlluminationApply,pattern_group,running,40.0,2,5
cp_tutorial_advanced_segmentation_final,2,8,1790205623.162024,3635432,worker_0,A01,CorrectIlluminationApply,pattern_group,running,60.0,3,5
cp_tutorial_advanced_segmentation_final,2,8,1790205623.2120166,3635434,worker_1,A12,CorrectIlluminationApply,pattern_group,running,60.0,3,5
cp_tutorial_advanced_segmentation_final,2,8,1790205623.6891835,3635432,worker_0,A01,CorrectIlluminationApply,pattern_group,running,80.0,4,5
cp_tutorial_advanced_segmentation_final,2,8,1790205623.71853,3635434,worker_1,A12,CorrectIlluminationApply,pattern_group,running,80.0,4,5
cp_tutorial_advanced_segmentation_final,2,8,1790205624.1991827,3635432,worker_0,A01,CorrectIlluminationApply,pattern_group,running,100.0,5,5
cp_tutorial_advanced_segmentation_final,2,8,1790205624.2015784,3635432,worker_0,A01,CorrectIlluminationApply,step_completed,success,6.25,1,16
cp_tutorial_advanced_segmentation_final,2,8,1790205624.2016487,3635432,worker_0,A01,IdentifyPrimaryObjects,step_started,started,6.25,1,16
cp_tutorial_advanced_segmentation_final,2,8,1790205624.2348983,3635434,worker_1,A12,CorrectIlluminationApply,pattern_group,running,100.0,5,5
cp_tutorial_advanced_segmentation_final,2,8,1790205624.236995,3635434,worker_1,A12,CorrectIlluminationApply,step_completed,success,6.25,1,16
cp_tutorial_advanced_segmentation_final,2,8,1790205624.2370522,3635434,worker_1,A12,IdentifyPrimaryObjects,step_started,started,6.25,1,16
cp_tutorial_advanced_segmentation_final,2,8,1790205624.7143006,3635432,worker_0,A01,IdentifyPrimaryObjects,pattern_group,running,100.0,1,1
cp_tutorial_advanced_segmentation_final,2,8,1790205624.71533,3635432,worker_0,A01,IdentifyPrimaryObjects,step_completed,success,12.5,2,16
cp_tutorial_advanced_segmentation_final,2,8,1790205624.71537,3635432,worker_0,A01,IdentifySecondaryObjects,step_started,started,12.5,2,16
cp_tutorial_advanced_segmentation_final,2,8,1790205625.0047145,3635434,worker_1,A12,IdentifyPrimaryObjects,pattern_group,running,100.0,1,1
cp_tutorial_advanced_segmentation_final,2,8,1790205625.0055482,3635434,worker_1,A12,IdentifyPrimaryObjects,step_completed,success,12.5,2,16
cp_tutorial_advanced_segmentation_final,2,8,1790205625.0055866,3635434,worker_1,A12,IdentifySecondaryObjects,step_started,started,12.5,2,16
cp_tutorial_advanced_segmentation_final,2,8,1790205625.364915,3635432,worker_0,A01,IdentifySecondaryObjects,pattern_group,running,100.0,1,1
cp_tutorial_advanced_segmentation_final,2,8,1790205625.3661823,3635432,worker_0,A01,IdentifySecondaryObjects,step_completed,success,18.75,3,16
cp_tutorial_advanced_segmentation_final,2,8,1790205625.3662155,3635432,worker_0,A01,IdentifyTertiaryObjects,step_started,started,18.75,3,16
cp_tutorial_advanced_segmentation_final,2,8,1790205625.6240635,3635434,worker_1,A12,IdentifySecondaryObjects,pattern_group,running,100.0,1,1
cp_tutorial_advanced_segmentation_final,2,8,1790205625.6254983,3635434,worker_1,A12,IdentifySecondaryObjects,step_completed,success,18.75,3,16
cp_tutorial_advanced_segmentation_final,2,8,1790205625.625557,3635434,worker_1,A12,IdentifyTertiaryObjects,step_started,started,18.75,3,16
cp_tutorial_advanced_segmentation_final,2,8,1790205625.6719894,3635432,worker_0,A01,IdentifyTertiaryObjects,pattern_group,running,100.0,1,1
cp_tutorial_advanced_segmentation_final,2,8,1790205625.6727178,3635432,worker_0,A01,IdentifyTertiaryObjects,step_completed,success,25.0,4,16
cp_tutorial_advanced_segmentation_final,2,8,1790205625.6727476,3635432,worker_0,A01,EnhanceOrSuppressFeatures,step_started,started,25.0,4,16
cp_tutorial_advanced_segmentation_final,2,8,1790205625.9196935,3635434,worker_1,A12,IdentifyTertiaryObjects,pattern_group,running,100.0,1,1
cp_tutorial_advanced_segmentation_final,2,8,1790205625.9202738,3635434,worker_1,A12,IdentifyTertiaryObjects,step_completed,success,25.0,4,16
cp_tutorial_advanced_segmentation_final,2,8,1790205625.920303,3635434,worker_1,A12,EnhanceOrSuppressFeatures,step_started,started,25.0,4,16
cp_tutorial_advanced_segmentation_final,2,8,1790205625.985099,3635432,worker_0,A01,EnhanceOrSuppressFeatures,pattern_group,running,100.0,1,1
cp_tutorial_advanced_segmentation_final,2,8,1790205625.9852977,3635432,worker_0,A01,EnhanceOrSuppressFeatures,step_completed,success,31.25,5,16
cp_tutorial_advanced_segmentation_final,2,8,1790205625.9853282,3635432,worker_0,A01,MaskImage,step_started,started,31.25,5,16
cp_tutorial_advanced_segmentation_final,2,8,1790205626.2209904,3635432,worker_0,A01,MaskImage,pattern_group,running,100.0,1,1
cp_tutorial_advanced_segmentation_final,2,8,1790205626.221211,3635432,worker_0,A01,MaskImage,step_completed,success,37.5,6,16
cp_tutorial_advanced_segmentation_final,2,8,1790205626.221247,3635432,worker_0,A01,IdentifyPrimaryObjects,step_started,started,37.5,6,16
cp_tutorial_advanced_segmentation_final,2,8,1790205626.2242918,3635434,worker_1,A12,EnhanceOrSuppressFeatures,pattern_group,running,100.0,1,1
cp_tutorial_advanced_segmentation_final,2,8,1790205626.2244728,3635434,worker_1,A12,EnhanceOrSuppressFeatures,step_completed,success,31.25,5,16
cp_tutorial_advanced_segmentation_final,2,8,1790205626.224508,3635434,worker_1,A12,MaskImage,step_started,started,31.25,5,16
cp_tutorial_advanced_segmentation_final,2,8,1790205626.5036845,3635434,worker_1,A12,MaskImage,pattern_group,running,100.0,1,1
cp_tutorial_advanced_segmentation_final,2,8,1790205626.503854,3635434,worker_1,A12,MaskImage,step_completed,success,37.5,6,16
cp_tutorial_advanced_segmentation_final,2,8,1790205626.5038855,3635434,worker_1,A12,IdentifyPrimaryObjects,step_started,started,37.5,6,16
cp_tutorial_advanced_segmentation_final,2,8,1790205626.6257343,3635432,worker_0,A01,IdentifyPrimaryObjects,pattern_group,running,100.0,1,1
cp_tutorial_advanced_segmentation_final,2,8,1790205626.626656,3635432,worker_0,A01,IdentifyPrimaryObjects,step_completed,success,43.75,7,16
cp_tutorial_advanced_segmentation_final,2,8,1790205626.6266906,3635432,worker_0,A01,MaskImage,step_started,started,43.75,7,16
cp_tutorial_advanced_segmentation_final,2,8,1790205626.88269,3635432,worker_0,A01,MaskImage,pattern_group,running,100.0,1,1
cp_tutorial_advanced_segmentation_final,2,8,1790205626.882912,3635432,worker_0,A01,MaskImage,step_completed,success,50.0,8,16
cp_tutorial_advanced_segmentation_final,2,8,1790205626.8829415,3635432,worker_0,A01,IdentifyPrimaryObjects,step_started,started,50.0,8,16
cp_tutorial_advanced_segmentation_final,2,8,1790205626.9239438,3635434,worker_1,A12,IdentifyPrimaryObjects,pattern_group,running,100.0,1,1
cp_tutorial_advanced_segmentation_final,2,8,1790205626.925075,3635434,worker_1,A12,IdentifyPrimaryObjects,step_completed,success,43.75,7,16
cp_tutorial_advanced_segmentation_final,2,8,1790205626.9251385,3635434,worker_1,A12,MaskImage,step_started,started,43.75,7,16
cp_tutorial_advanced_segmentation_final,2,8,1790205627.1904528,3635434,worker_1,A12,MaskImage,pattern_group,running,100.0,1,1
cp_tutorial_advanced_segmentation_final,2,8,1790205627.1906874,3635434,worker_1,A12,MaskImage,step_completed,success,50.0,8,16
cp_tutorial_advanced_segmentation_final,2,8,1790205627.1907282,3635434,worker_1,A12,IdentifyPrimaryObjects,step_started,started,50.0,8,16
cp_tutorial_advanced_segmentation_final,2,8,1790205627.7001226,3635434,worker_1,A12,IdentifyPrimaryObjects,pattern_group,running,100.0,1,1
cp_tutorial_advanced_segmentation_final,2,8,1790205627.701196,3635434,worker_1,A12,IdentifyPrimaryObjects,step_completed,success,56.25,9,16
cp_tutorial_advanced_segmentation_final,2,8,1790205627.7012312,3635434,worker_1,A12,MeasureColocalization,step_started,started,56.25,9,16
cp_tutorial_advanced_segmentation_final,2,8,1790205627.8973675,3635432,worker_0,A01,IdentifyPrimaryObjects,pattern_group,running,100.0,1,1
cp_tutorial_advanced_segmentation_final,2,8,1790205627.8986564,3635432,worker_0,A01,IdentifyPrimaryObjects,step_completed,success,56.25,9,16
cp_tutorial_advanced_segmentation_final,2,8,1790205627.898695,3635432,worker_0,A01,MeasureColocalization,step_started,started,56.25,9,16
cp_tutorial_advanced_segmentation_final,2,8,1790205630.692947,3635432,worker_0,A01,MeasureColocalization,pattern_group,running,50.0,1,2
cp_tutorial_advanced_segmentation_final,2,8,1790205631.0048606,3635434,worker_1,A12,MeasureColocalization,pattern_group,running,50.0,1,2
cp_tutorial_advanced_segmentation_final,2,8,1790205633.3265326,3635432,worker_0,A01,MeasureColocalization,pattern_group,running,100.0,2,2
cp_tutorial_advanced_segmentation_final,2,8,1790205633.3552737,3635432,worker_0,A01,MeasureColocalization,step_completed,success,62.5,10,16
cp_tutorial_advanced_segmentation_final,2,8,1790205633.3553388,3635432,worker_0,A01,MeasureObjectIntensity,step_started,started,62.5,10,16
cp_tutorial_advanced_segmentation_final,2,8,1790205633.8714464,3635432,worker_0,A01,MeasureObjectIntensity,pattern_group,running,20.0,1,5
cp_tutorial_advanced_segmentation_final,2,8,1790205634.0380056,3635434,worker_1,A12,MeasureColocalization,pattern_group,running,100.0,2,2
cp_tutorial_advanced_segmentation_final,2,8,1790205634.0665286,3635434,worker_1,A12,MeasureColocalization,step_completed,success,62.5,10,16
cp_tutorial_advanced_segmentation_final,2,8,1790205634.0665975,3635434,worker_1,A12,MeasureObjectIntensity,step_started,started,62.5,10,16
cp_tutorial_advanced_segmentation_final,2,8,1790205634.297306,3635432,worker_0,A01,MeasureObjectIntensity,pattern_group,running,40.0,2,5
cp_tutorial_advanced_segmentation_final,2,8,1790205634.5466516,3635434,worker_1,A12,MeasureObjectIntensity,pattern_group,running,20.0,1,5
cp_tutorial_advanced_segmentation_final,2,8,1790205634.7151198,3635432,worker_0,A01,MeasureObjectIntensity,pattern_group,running,60.0,3,5
cp_tutorial_advanced_segmentation_final,2,8,1790205634.9665654,3635434,worker_1,A12,MeasureObjectIntensity,pattern_group,running,40.0,2,5
cp_tutorial_advanced_segmentation_final,2,8,1790205635.1365502,3635432,worker_0,A01,MeasureObjectIntensity,pattern_group,running,80.0,4,5
cp_tutorial_advanced_segmentation_final,2,8,1790205635.4079006,3635434,worker_1,A12,MeasureObjectIntensity,pattern_group,running,60.0,3,5
cp_tutorial_advanced_segmentation_final,2,8,1790205635.5618918,3635432,worker_0,A01,MeasureObjectIntensity,pattern_group,running,100.0,5,5
cp_tutorial_advanced_segmentation_final,2,8,1790205635.5809443,3635432,worker_0,A01,MeasureObjectIntensity,step_completed,success,68.75,11,16
cp_tutorial_advanced_segmentation_final,2,8,1790205635.5810018,3635432,worker_0,A01,MeasureObjectIntensityDistribution,step_started,started,68.75,11,16
cp_tutorial_advanced_segmentation_final,2,8,1790205635.8410313,3635434,worker_1,A12,MeasureObjectIntensity,pattern_group,running,80.0,4,5
cp_tutorial_advanced_segmentation_final,2,8,1790205636.2808888,3635434,worker_1,A12,MeasureObjectIntensity,pattern_group,running,100.0,5,5
cp_tutorial_advanced_segmentation_final,2,8,1790205636.3002834,3635434,worker_1,A12,MeasureObjectIntensity,step_completed,success,68.75,11,16
cp_tutorial_advanced_segmentation_final,2,8,1790205636.3003511,3635434,worker_1,A12,MeasureObjectIntensityDistribution,step_started,started,68.75,11,16
cp_tutorial_advanced_segmentation_final,2,8,1790205637.41792,3635432,worker_0,A01,MeasureObjectIntensityDistribution,pattern_group,running,25.0,1,4
cp_tutorial_advanced_segmentation_final,2,8,1790205637.973115,3635434,worker_1,A12,MeasureObjectIntensityDistribution,pattern_group,running,25.0,1,4
cp_tutorial_advanced_segmentation_final,2,8,1790205638.0777826,3635432,worker_0,A01,MeasureObjectIntensityDistribution,pattern_group,running,50.0,2,4
cp_tutorial_advanced_segmentation_final,2,8,1790205638.6598792,3635434,worker_1,A12,MeasureObjectIntensityDistribution,pattern_group,running,50.0,2,4
cp_tutorial_advanced_segmentation_final,2,8,1790205639.007921,3635432,worker_0,A01,MeasureObjectIntensityDistribution,pattern_group,running,75.0,3,4
cp_tutorial_advanced_segmentation_final,2,8,1790205639.5440903,3635434,worker_1,A12,MeasureObjectIntensityDistribution,pattern_group,running,75.0,3,4
cp_tutorial_advanced_segmentation_final,2,8,1790205639.6987338,3635432,worker_0,A01,MeasureObjectIntensityDistribution,pattern_group,running,100.0,4,4
cp_tutorial_advanced_segmentation_final,2,8,1790205639.7092235,3635432,worker_0,A01,MeasureObjectIntensityDistribution,step_completed,success,75.0,12,16
cp_tutorial_advanced_segmentation_final,2,8,1790205639.7092881,3635432,worker_0,A01,MeasureObjectSizeShape,step_started,started,75.0,12,16
cp_tutorial_advanced_segmentation_final,2,8,1790205640.1884203,3635434,worker_1,A12,MeasureObjectIntensityDistribution,pattern_group,running,100.0,4,4
cp_tutorial_advanced_segmentation_final,2,8,1790205640.1985657,3635434,worker_1,A12,MeasureObjectIntensityDistribution,step_completed,success,75.0,12,16
cp_tutorial_advanced_segmentation_final,2,8,1790205640.1986234,3635434,worker_1,A12,MeasureObjectSizeShape,step_started,started,75.0,12,16
cp_tutorial_advanced_segmentation_final,2,8,1790205641.6919835,3635432,worker_0,A01,MeasureObjectSizeShape,pattern_group,running,25.0,1,4
cp_tutorial_advanced_segmentation_final,2,8,1790205642.2191408,3635434,worker_1,A12,MeasureObjectSizeShape,pattern_group,running,25.0,1,4
cp_tutorial_advanced_segmentation_final,2,8,1790205642.4248652,3635432,worker_0,A01,MeasureObjectSizeShape,pattern_group,running,50.0,2,4
cp_tutorial_advanced_segmentation_final,2,8,1790205642.9134855,3635434,worker_1,A12,MeasureObjectSizeShape,pattern_group,running,50.0,2,4
cp_tutorial_advanced_segmentation_final,2,8,1790205643.0736563,3635432,worker_0,A01,MeasureObjectSizeShape,pattern_group,running,75.0,3,4
cp_tutorial_advanced_segmentation_final,2,8,1790205643.5123763,3635434,worker_1,A12,MeasureObjectSizeShape,pattern_group,running,75.0,3,4
cp_tutorial_advanced_segmentation_final,2,8,1790205643.5081313,3635432,worker_0,A01,MeasureObjectSizeShape,pattern_group,running,100.0,4,4
cp_tutorial_advanced_segmentation_final,2,8,1790205643.52019,3635432,worker_0,A01,MeasureObjectSizeShape,step_completed,success,81.25,13,16
cp_tutorial_advanced_segmentation_final,2,8,1790205643.5202608,3635432,worker_0,A01,MeasureObjectNeighbors,step_started,started,81.25,13,16
cp_tutorial_advanced_segmentation_final,2,8,1790205643.961175,3635434,worker_1,A12,MeasureObjectSizeShape,pattern_group,running,100.0,4,4
cp_tutorial_advanced_segmentation_final,2,8,1790205643.9730773,3635434,worker_1,A12,MeasureObjectSizeShape,step_completed,success,81.25,13,16
cp_tutorial_advanced_segmentation_final,2,8,1790205643.9731376,3635434,worker_1,A12,MeasureObjectNeighbors,step_started,started,81.25,13,16
cp_tutorial_advanced_segmentation_final,2,8,1790205644.1257396,3635432,worker_0,A01,MeasureObjectNeighbors,pattern_group,running,33.33333333333333,1,3
cp_tutorial_advanced_segmentation_final,2,8,1790205644.588823,3635434,worker_1,A12,MeasureObjectNeighbors,pattern_group,running,33.33333333333333,1,3
cp_tutorial_advanced_segmentation_final,2,8,1790205644.6385634,3635432,worker_0,A01,MeasureObjectNeighbors,pattern_group,running,66.66666666666666,2,3
cp_tutorial_advanced_segmentation_final,2,8,1790205645.1137958,3635434,worker_1,A12,MeasureObjectNeighbors,pattern_group,running,66.66666666666666,2,3
cp_tutorial_advanced_segmentation_final,2,8,1790205645.1862266,3635432,worker_0,A01,MeasureObjectNeighbors,pattern_group,running,100.0,3,3
cp_tutorial_advanced_segmentation_final,2,8,1790205645.1886683,3635432,worker_0,A01,MeasureObjectNeighbors,step_completed,success,87.5,14,16
cp_tutorial_advanced_segmentation_final,2,8,1790205645.1887136,3635432,worker_0,A01,RelateObjects,step_started,started,87.5,14,16
cp_tutorial_advanced_segmentation_final,2,8,1790205645.6567476,3635434,worker_1,A12,MeasureObjectNeighbors,pattern_group,running,100.0,3,3
cp_tutorial_advanced_segmentation_final,2,8,1790205645.6590312,3635434,worker_1,A12,MeasureObjectNeighbors,step_completed,success,87.5,14,16
cp_tutorial_advanced_segmentation_final,2,8,1790205645.6590712,3635434,worker_1,A12,RelateObjects,step_started,started,87.5,14,16
cp_tutorial_advanced_segmentation_final,2,8,1790205646.7770464,3635434,worker_1,A12,RelateObjects,pattern_group,running,50.0,1,2
cp_tutorial_advanced_segmentation_final,2,8,1790205646.7855747,3635432,worker_0,A01,RelateObjects,pattern_group,running,50.0,1,2
cp_tutorial_advanced_segmentation_final,2,8,1790205648.8929543,3635432,worker_0,A01,RelateObjects,pattern_group,running,100.0,2,2
cp_tutorial_advanced_segmentation_final,2,8,1790205648.9116454,3635432,worker_0,A01,RelateObjects,step_completed,success,93.75,15,16
cp_tutorial_advanced_segmentation_final,2,8,1790205648.912328,3635432,worker_0,A01,pipeline,axis_completed,success,93.75,15,16
cp_tutorial_advanced_segmentation_final,2,8,1790205648.9124358,3635432,worker_0,B01,pipeline,axis_started,started,0.0,0,16
cp_tutorial_advanced_segmentation_final,2,8,1790205648.9124842,3635432,worker_0,B01,CorrectIlluminationApply,step_started,started,0.0,0,16
cp_tutorial_advanced_segmentation_final,2,8,1790205649.244883,3635434,worker_1,A12,RelateObjects,pattern_group,running,100.0,2,2
cp_tutorial_advanced_segmentation_final,2,8,1790205649.263524,3635434,worker_1,A12,RelateObjects,step_completed,success,93.75,15,16
cp_tutorial_advanced_segmentation_final,2,8,1790205649.2642214,3635434,worker_1,A12,pipeline,axis_completed,success,93.75,15,16
cp_tutorial_advanced_segmentation_final,2,8,1790205649.2643356,3635434,worker_1,B12,pipeline,axis_started,started,0.0,0,16
cp_tutorial_advanced_segmentation_final,2,8,1790205649.2643838,3635434,worker_1,B12,CorrectIlluminationApply,step_started,started,0.0,0,16
cp_tutorial_advanced_segmentation_final,2,8,1790205650.491273,3635432,worker_0,B01,CorrectIlluminationApply,pattern_group,running,20.0,1,5
cp_tutorial_advanced_segmentation_final,2,8,1790205650.805005,3635434,worker_1,B12,CorrectIlluminationApply,pattern_group,running,20.0,1,5
cp_tutorial_advanced_segmentation_final,2,8,1790205650.9065034,3635432,worker_0,B01,CorrectIlluminationApply,pattern_group,running,40.0,2,5
cp_tutorial_advanced_segmentation_final,2,8,1790205651.2310112,3635434,worker_1,B12,CorrectIlluminationApply,pattern_group,running,40.0,2,5
cp_tutorial_advanced_segmentation_final,2,8,1790205651.3287728,3635432,worker_0,B01,CorrectIlluminationApply,pattern_group,running,60.0,3,5
cp_tutorial_advanced_segmentation_final,2,8,1790205651.6429157,3635434,worker_1,B12,CorrectIlluminationApply,pattern_group,running,60.0,3,5
cp_tutorial_advanced_segmentation_final,2,8,1790205651.7583168,3635432,worker_0,B01,CorrectIlluminationApply,pattern_group,running,80.0,4,5
cp_tutorial_advanced_segmentation_final,2,8,1790205652.0910237,3635434,worker_1,B12,CorrectIlluminationApply,pattern_group,running,80.0,4,5
cp_tutorial_advanced_segmentation_final,2,8,1790205652.1751022,3635432,worker_0,B01,CorrectIlluminationApply,pattern_group,running,100.0,5,5
cp_tutorial_advanced_segmentation_final,2,8,1790205652.175363,3635432,worker_0,B01,CorrectIlluminationApply,step_completed,success,6.25,1,16
cp_tutorial_advanced_segmentation_final,2,8,1790205652.1753936,3635432,worker_0,B01,IdentifyPrimaryObjects,step_started,started,6.25,1,16
cp_tutorial_advanced_segmentation_final,2,8,1790205652.5078845,3635434,worker_1,B12,CorrectIlluminationApply,pattern_group,running,100.0,5,5
cp_tutorial_advanced_segmentation_final,2,8,1790205652.5082362,3635434,worker_1,B12,CorrectIlluminationApply,step_completed,success,6.25,1,16
cp_tutorial_advanced_segmentation_final,2,8,1790205652.5082731,3635434,worker_1,B12,IdentifyPrimaryObjects,step_started,started,6.25,1,16
cp_tutorial_advanced_segmentation_final,2,8,1790205652.5899117,3635432,worker_0,B01,IdentifyPrimaryObjects,pattern_group,running,100.0,1,1
cp_tutorial_advanced_segmentation_final,2,8,1790205652.5906105,3635432,worker_0,B01,IdentifyPrimaryObjects,step_completed,success,12.5,2,16
cp_tutorial_advanced_segmentation_final,2,8,1790205652.5906394,3635432,worker_0,B01,IdentifySecondaryObjects,step_started,started,12.5,2,16
cp_tutorial_advanced_segmentation_final,2,8,1790205652.8415778,3635434,worker_1,B12,IdentifyPrimaryObjects,pattern_group,running,100.0,1,1
cp_tutorial_advanced_segmentation_final,2,8,1790205652.8420293,3635434,worker_1,B12,IdentifyPrimaryObjects,step_completed,success,12.5,2,16
cp_tutorial_advanced_segmentation_final,2,8,1790205652.8420599,3635434,worker_1,B12,IdentifySecondaryObjects,step_started,started,12.5,2,16
cp_tutorial_advanced_segmentation_final,2,8,1790205653.1437476,3635434,worker_1,B12,IdentifySecondaryObjects,pattern_group,running,100.0,1,1
cp_tutorial_advanced_segmentation_final,2,8,1790205653.144343,3635434,worker_1,B12,IdentifySecondaryObjects,step_completed,success,18.75,3,16
cp_tutorial_advanced_segmentation_final,2,8,1790205653.1443727,3635434,worker_1,B12,IdentifyTertiaryObjects,step_started,started,18.75,3,16
cp_tutorial_advanced_segmentation_final,2,8,1790205653.187879,3635432,worker_0,B01,IdentifySecondaryObjects,pattern_group,running,100.0,1,1
cp_tutorial_advanced_segmentation_final,2,8,1790205653.1888225,3635432,worker_0,B01,IdentifySecondaryObjects,step_completed,success,18.75,3,16
cp_tutorial_advanced_segmentation_final,2,8,1790205653.1888576,3635432,worker_0,B01,IdentifyTertiaryObjects,step_started,started,18.75,3,16
cp_tutorial_advanced_segmentation_final,2,8,1790205653.4067233,3635434,worker_1,B12,IdentifyTertiaryObjects,pattern_group,running,100.0,1,1
cp_tutorial_advanced_segmentation_final,2,8,1790205653.4071748,3635434,worker_1,B12,IdentifyTertiaryObjects,step_completed,success,25.0,4,16
cp_tutorial_advanced_segmentation_final,2,8,1790205653.407215,3635434,worker_1,B12,EnhanceOrSuppressFeatures,step_started,started,25.0,4,16
cp_tutorial_advanced_segmentation_final,2,8,1790205653.4742374,3635432,worker_0,B01,IdentifyTertiaryObjects,pattern_group,running,100.0,1,1
cp_tutorial_advanced_segmentation_final,2,8,1790205653.47491,3635432,worker_0,B01,IdentifyTertiaryObjects,step_completed,success,25.0,4,16
cp_tutorial_advanced_segmentation_final,2,8,1790205653.4749396,3635432,worker_0,B01,EnhanceOrSuppressFeatures,step_started,started,25.0,4,16
cp_tutorial_advanced_segmentation_final,2,8,1790205653.771402,3635432,worker_0,B01,EnhanceOrSuppressFeatures,pattern_group,running,100.0,1,1
cp_tutorial_advanced_segmentation_final,2,8,1790205653.7715669,3635432,worker_0,B01,EnhanceOrSuppressFeatures,step_completed,success,31.25,5,16
cp_tutorial_advanced_segmentation_final,2,8,1790205653.7716002,3635432,worker_0,B01,MaskImage,step_started,started,31.25,5,16
cp_tutorial_advanced_segmentation_final,2,8,1790205654.2478309,3635434,worker_1,B12,EnhanceOrSuppressFeatures,pattern_group,running,100.0,1,1
cp_tutorial_advanced_segmentation_final,2,8,1790205654.248007,3635434,worker_1,B12,EnhanceOrSuppressFeatures,step_completed,success,31.25,5,16
cp_tutorial_advanced_segmentation_final,2,8,1790205654.2480369,3635434,worker_1,B12,MaskImage,step_started,started,31.25,5,16
cp_tutorial_advanced_segmentation_final,2,8,1790205654.4712446,3635434,worker_1,B12,MaskImage,pattern_group,running,100.0,1,1
cp_tutorial_advanced_segmentation_final,2,8,1790205654.4713888,3635434,worker_1,B12,MaskImage,step_completed,success,37.5,6,16
cp_tutorial_advanced_segmentation_final,2,8,1790205654.4714184,3635434,worker_1,B12,IdentifyPrimaryObjects,step_started,started,37.5,6,16
cp_tutorial_advanced_segmentation_final,2,8,1790205654.5451715,3635432,worker_0,B01,MaskImage,pattern_group,running,100.0,1,1
cp_tutorial_advanced_segmentation_final,2,8,1790205654.5453212,3635432,worker_0,B01,MaskImage,step_completed,success,37.5,6,16
cp_tutorial_advanced_segmentation_final,2,8,1790205654.5453525,3635432,worker_0,B01,IdentifyPrimaryObjects,step_started,started,37.5,6,16
cp_tutorial_advanced_segmentation_final,2,8,1790205654.8326108,3635434,worker_1,B12,IdentifyPrimaryObjects,pattern_group,running,100.0,1,1
cp_tutorial_advanced_segmentation_final,2,8,1790205654.8332577,3635434,worker_1,B12,IdentifyPrimaryObjects,step_completed,success,43.75,7,16
cp_tutorial_advanced_segmentation_final,2,8,1790205654.8333023,3635434,worker_1,B12,MaskImage,step_started,started,43.75,7,16
cp_tutorial_advanced_segmentation_final,2,8,1790205654.9154177,3635432,worker_0,B01,IdentifyPrimaryObjects,pattern_group,running,100.0,1,1
cp_tutorial_advanced_segmentation_final,2,8,1790205654.916131,3635432,worker_0,B01,IdentifyPrimaryObjects,step_completed,success,43.75,7,16
cp_tutorial_advanced_segmentation_final,2,8,1790205654.9161623,3635432,worker_0,B01,MaskImage,step_started,started,43.75,7,16
cp_tutorial_advanced_segmentation_final,2,8,1790205655.082989,3635434,worker_1,B12,MaskImage,pattern_group,running,100.0,1,1
cp_tutorial_advanced_segmentation_final,2,8,1790205655.0831435,3635434,worker_1,B12,MaskImage,step_completed,success,50.0,8,16
cp_tutorial_advanced_segmentation_final,2,8,1790205655.0831726,3635434,worker_1,B12,IdentifyPrimaryObjects,step_started,started,50.0,8,16
cp_tutorial_advanced_segmentation_final,2,8,1790205655.1452758,3635432,worker_0,B01,MaskImage,pattern_group,running,100.0,1,1
cp_tutorial_advanced_segmentation_final,2,8,1790205655.1454492,3635432,worker_0,B01,MaskImage,step_completed,success,50.0,8,16
cp_tutorial_advanced_segmentation_final,2,8,1790205655.1454792,3635432,worker_0,B01,IdentifyPrimaryObjects,step_started,started,50.0,8,16
cp_tutorial_advanced_segmentation_final,2,8,1790205655.4407902,3635434,worker_1,B12,IdentifyPrimaryObjects,pattern_group,running,100.0,1,1
cp_tutorial_advanced_segmentation_final,2,8,1790205655.4414077,3635434,worker_1,B12,IdentifyPrimaryObjects,step_completed,success,56.25,9,16
cp_tutorial_advanced_segmentation_final,2,8,1790205655.4414499,3635434,worker_1,B12,MeasureColocalization,step_started,started,56.25,9,16
cp_tutorial_advanced_segmentation_final,2,8,1790205655.5838845,3635432,worker_0,B01,IdentifyPrimaryObjects,pattern_group,running,100.0,1,1
cp_tutorial_advanced_segmentation_final,2,8,1790205655.5855849,3635432,worker_0,B01,IdentifyPrimaryObjects,step_completed,success,56.25,9,16
cp_tutorial_advanced_segmentation_final,2,8,1790205655.5856206,3635432,worker_0,B01,MeasureColocalization,step_started,started,56.25,9,16
cp_tutorial_advanced_segmentation_final,2,8,1790205656.013216,3635434,worker_1,B12,MeasureColocalization,pattern_group,running,50.0,1,2
cp_tutorial_advanced_segmentation_final,2,8,1790205658.0155032,3635434,worker_1,B12,MeasureColocalization,pattern_group,running,100.0,2,2
cp_tutorial_advanced_segmentation_final,2,8,1790205658.0251298,3635434,worker_1,B12,MeasureColocalization,step_completed,success,62.5,10,16
cp_tutorial_advanced_segmentation_final,2,8,1790205658.0251815,3635434,worker_1,B12,MeasureObjectIntensity,step_started,started,62.5,10,16
cp_tutorial_advanced_segmentation_final,2,8,1790205658.3036156,3635432,worker_0,B01,MeasureColocalization,pattern_group,running,50.0,1,2
cp_tutorial_advanced_segmentation_final,2,8,1790205658.304074,3635434,worker_1,B12,MeasureObjectIntensity,pattern_group,running,20.0,1,5
cp_tutorial_advanced_segmentation_final,2,8,1790205658.5261862,3635434,worker_1,B12,MeasureObjectIntensity,pattern_group,running,40.0,2,5
cp_tutorial_advanced_segmentation_final,2,8,1790205658.7552834,3635434,worker_1,B12,MeasureObjectIntensity,pattern_group,running,60.0,3,5
cp_tutorial_advanced_segmentation_final,2,8,1790205658.9683852,3635434,worker_1,B12,MeasureObjectIntensity,pattern_group,running,80.0,4,5
cp_tutorial_advanced_segmentation_final,2,8,1790205659.1955767,3635434,worker_1,B12,MeasureObjectIntensity,pattern_group,running,100.0,5,5
cp_tutorial_advanced_segmentation_final,2,8,1790205659.1976507,3635434,worker_1,B12,MeasureObjectIntensity,step_completed,success,68.75,11,16
cp_tutorial_advanced_segmentation_final,2,8,1790205659.1977057,3635434,worker_1,B12,MeasureObjectIntensityDistribution,step_started,started,68.75,11,16
cp_tutorial_advanced_segmentation_final,2,8,1790205660.146792,3635434,worker_1,B12,MeasureObjectIntensityDistribution,pattern_group,running,25.0,1,4
cp_tutorial_advanced_segmentation_final,2,8,1790205660.7123992,3635434,worker_1,B12,MeasureObjectIntensityDistribution,pattern_group,running,50.0,2,4
cp_tutorial_advanced_segmentation_final,2,8,1790205661.3286874,3635434,worker_1,B12,MeasureObjectIntensityDistribution,pattern_group,running,75.0,3,4
cp_tutorial_advanced_segmentation_final,2,8,1790205661.402738,3635432,worker_0,B01,MeasureColocalization,pattern_group,running,100.0,2,2
cp_tutorial_advanced_segmentation_final,2,8,1790205661.441416,3635432,worker_0,B01,MeasureColocalization,step_completed,success,62.5,10,16
cp_tutorial_advanced_segmentation_final,2,8,1790205661.4415019,3635432,worker_0,B01,MeasureObjectIntensity,step_started,started,62.5,10,16
cp_tutorial_advanced_segmentation_final,2,8,1790205661.9543564,3635432,worker_0,B01,MeasureObjectIntensity,pattern_group,running,20.0,1,5
cp_tutorial_advanced_segmentation_final,2,8,1790205662.404077,3635432,worker_0,B01,MeasureObjectIntensity,pattern_group,running,40.0,2,5
cp_tutorial_advanced_segmentation_final,2,8,1790205662.4384534,3635434,worker_1,B12,MeasureObjectIntensityDistribution,pattern_group,running,100.0,4,4
cp_tutorial_advanced_segmentation_final,2,8,1790205662.4413214,3635434,worker_1,B12,MeasureObjectIntensityDistribution,step_completed,success,75.0,12,16
cp_tutorial_advanced_segmentation_final,2,8,1790205662.4413598,3635434,worker_1,B12,MeasureObjectSizeShape,step_started,started,75.0,12,16
cp_tutorial_advanced_segmentation_final,2,8,1790205662.8436434,3635432,worker_0,B01,MeasureObjectIntensity,pattern_group,running,60.0,3,5
cp_tutorial_advanced_segmentation_final,2,8,1790205663.0151637,3635434,worker_1,B12,MeasureObjectSizeShape,pattern_group,running,25.0,1,4
cp_tutorial_advanced_segmentation_final,2,8,1790205663.2760863,3635432,worker_0,B01,MeasureObjectIntensity,pattern_group,running,80.0,4,5
cp_tutorial_advanced_segmentation_final,2,8,1790205663.4605238,3635434,worker_1,B12,MeasureObjectSizeShape,pattern_group,running,50.0,2,4
cp_tutorial_advanced_segmentation_final,2,8,1790205663.6966567,3635432,worker_0,B01,MeasureObjectIntensity,pattern_group,running,100.0,5,5
cp_tutorial_advanced_segmentation_final,2,8,1790205663.7175298,3635432,worker_0,B01,MeasureObjectIntensity,step_completed,success,68.75,11,16
cp_tutorial_advanced_segmentation_final,2,8,1790205663.7176127,3635432,worker_0,B01,MeasureObjectIntensityDistribution,step_started,started,68.75,11,16
cp_tutorial_advanced_segmentation_final,2,8,1790205663.8893464,3635434,worker_1,B12,MeasureObjectSizeShape,pattern_group,running,75.0,3,4
cp_tutorial_advanced_segmentation_final,2,8,1790205664.3168573,3635434,worker_1,B12,MeasureObjectSizeShape,pattern_group,running,100.0,4,4
cp_tutorial_advanced_segmentation_final,2,8,1790205664.3184648,3635434,worker_1,B12,MeasureObjectSizeShape,step_completed,success,81.25,13,16
cp_tutorial_advanced_segmentation_final,2,8,1790205664.3185024,3635434,worker_1,B12,MeasureObjectNeighbors,step_started,started,81.25,13,16
cp_tutorial_advanced_segmentation_final,2,8,1790205664.923968,3635434,worker_1,B12,MeasureObjectNeighbors,pattern_group,running,33.33333333333333,1,3
cp_tutorial_advanced_segmentation_final,2,8,1790205665.2790735,3635432,worker_0,B01,MeasureObjectIntensityDistribution,pattern_group,running,25.0,1,4
cp_tutorial_advanced_segmentation_final,2,8,1790205665.414026,3635434,worker_1,B12,MeasureObjectNeighbors,pattern_group,running,66.66666666666666,2,3
cp_tutorial_advanced_segmentation_final,2,8,1790205665.8939145,3635432,worker_0,B01,MeasureObjectIntensityDistribution,pattern_group,running,50.0,2,4
cp_tutorial_advanced_segmentation_final,2,8,1790205665.92933,3635434,worker_1,B12,MeasureObjectNeighbors,pattern_group,running,100.0,3,3
cp_tutorial_advanced_segmentation_final,2,8,1790205665.930077,3635434,worker_1,B12,MeasureObjectNeighbors,step_completed,success,87.5,14,16
cp_tutorial_advanced_segmentation_final,2,8,1790205665.9301093,3635434,worker_1,B12,RelateObjects,step_started,started,87.5,14,16
cp_tutorial_advanced_segmentation_final,2,8,1790205666.6126285,3635434,worker_1,B12,RelateObjects,pattern_group,running,50.0,1,2
cp_tutorial_advanced_segmentation_final,2,8,1790205666.7790105,3635432,worker_0,B01,MeasureObjectIntensityDistribution,pattern_group,running,75.0,3,4
cp_tutorial_advanced_segmentation_final,2,8,1790205667.7067595,3635434,worker_1,B12,RelateObjects,pattern_group,running,100.0,2,2
cp_tutorial_advanced_segmentation_final,2,8,1790205667.7124343,3635434,worker_1,B12,RelateObjects,step_completed,success,93.75,15,16
cp_tutorial_advanced_segmentation_final,2,8,1790205667.713084,3635434,worker_1,B12,pipeline,axis_completed,success,93.75,15,16
cp_tutorial_advanced_segmentation_final,2,8,1790205667.7131903,3635434,worker_1,C12,pipeline,axis_started,started,0.0,0,16
cp_tutorial_advanced_segmentation_final,2,8,1790205667.7132525,3635434,worker_1,C12,CorrectIlluminationApply,step_started,started,0.0,0,16
cp_tutorial_advanced_segmentation_final,2,8,1790205667.9232464,3635432,worker_0,B01,MeasureObjectIntensityDistribution,pattern_group,running,100.0,4,4
cp_tutorial_advanced_segmentation_final,2,8,1790205667.9342277,3635432,worker_0,B01,MeasureObjectIntensityDistribution,step_completed,success,75.0,12,16
cp_tutorial_advanced_segmentation_final,2,8,1790205667.9342833,3635432,worker_0,B01,MeasureObjectSizeShape,step_started,started,75.0,12,16
cp_tutorial_advanced_segmentation_final,2,8,1790205669.308444,3635434,worker_1,C12,CorrectIlluminationApply,pattern_group,running,20.0,1,5
cp_tutorial_advanced_segmentation_final,2,8,1790205669.3115013,3635432,worker_0,B01,MeasureObjectSizeShape,pattern_group,running,25.0,1,4
cp_tutorial_advanced_segmentation_final,2,8,1790205669.744323,3635434,worker_1,C12,CorrectIlluminationApply,pattern_group,running,40.0,2,5
cp_tutorial_advanced_segmentation_final,2,8,1790205670.1626058,3635434,worker_1,C12,CorrectIlluminationApply,pattern_group,running,60.0,3,5
cp_tutorial_advanced_segmentation_final,2,8,1790205670.4104474,3635432,worker_0,B01,MeasureObjectSizeShape,pattern_group,running,50.0,2,4
cp_tutorial_advanced_segmentation_final,2,8,1790205670.6163146,3635434,worker_1,C12,CorrectIlluminationApply,pattern_group,running,80.0,4,5
cp_tutorial_advanced_segmentation_final,2,8,1790205671.0488093,3635432,worker_0,B01,MeasureObjectSizeShape,pattern_group,running,75.0,3,4
cp_tutorial_advanced_segmentation_final,2,8,1790205671.054324,3635434,worker_1,C12,CorrectIlluminationApply,pattern_group,running,100.0,5,5
cp_tutorial_advanced_segmentation_final,2,8,1790205671.0545967,3635434,worker_1,C12,CorrectIlluminationApply,step_completed,success,6.25,1,16
cp_tutorial_advanced_segmentation_final,2,8,1790205671.0546277,3635434,worker_1,C12,IdentifyPrimaryObjects,step_started,started,6.25,1,16
cp_tutorial_advanced_segmentation_final,2,8,1790205671.476635,3635434,worker_1,C12,IdentifyPrimaryObjects,pattern_group,running,100.0,1,1
cp_tutorial_advanced_segmentation_final,2,8,1790205671.4773798,3635434,worker_1,C12,IdentifyPrimaryObjects,step_completed,success,12.5,2,16
cp_tutorial_advanced_segmentation_final,2,8,1790205671.4774106,3635434,worker_1,C12,IdentifySecondaryObjects,step_started,started,12.5,2,16
cp_tutorial_advanced_segmentation_final,2,8,1790205671.4890902,3635432,worker_0,B01,MeasureObjectSizeShape,pattern_group,running,100.0,4,4
cp_tutorial_advanced_segmentation_final,2,8,1790205671.5021255,3635432,worker_0,B01,MeasureObjectSizeShape,step_completed,success,81.25,13,16
cp_tutorial_advanced_segmentation_final,2,8,1790205671.502208,3635432,worker_0,B01,MeasureObjectNeighbors,step_started,started,81.25,13,16
cp_tutorial_advanced_segmentation_final,2,8,1790205672.0945027,3635434,worker_1,C12,IdentifySecondaryObjects,pattern_group,running,100.0,1,1
cp_tutorial_advanced_segmentation_final,2,8,1790205672.0956101,3635434,worker_1,C12,IdentifySecondaryObjects,step_completed,success,18.75,3,16
cp_tutorial_advanced_segmentation_final,2,8,1790205672.0956438,3635434,worker_1,C12,IdentifyTertiaryObjects,step_started,started,18.75,3,16
cp_tutorial_advanced_segmentation_final,2,8,1790205672.1013741,3635432,worker_0,B01,MeasureObjectNeighbors,pattern_group,running,33.33333333333333,1,3
cp_tutorial_advanced_segmentation_final,2,8,1790205672.4102647,3635434,worker_1,C12,IdentifyTertiaryObjects,pattern_group,running,100.0,1,1
cp_tutorial_advanced_segmentation_final,2,8,1790205672.4110622,3635434,worker_1,C12,IdentifyTertiaryObjects,step_completed,success,25.0,4,16
cp_tutorial_advanced_segmentation_final,2,8,1790205672.4111125,3635434,worker_1,C12,EnhanceOrSuppressFeatures,step_started,started,25.0,4,16
cp_tutorial_advanced_segmentation_final,2,8,1790205672.6453052,3635432,worker_0,B01,MeasureObjectNeighbors,pattern_group,running,66.66666666666666,2,3
cp_tutorial_advanced_segmentation_final,2,8,1790205672.7303896,3635434,worker_1,C12,EnhanceOrSuppressFeatures,pattern_group,running,100.0,1,1
cp_tutorial_advanced_segmentation_final,2,8,1790205672.7305505,3635434,worker_1,C12,EnhanceOrSuppressFeatures,step_completed,success,31.25,5,16
cp_tutorial_advanced_segmentation_final,2,8,1790205672.7305794,3635434,worker_1,C12,MaskImage,step_started,started,31.25,5,16
cp_tutorial_advanced_segmentation_final,2,8,1790205673.3496697,3635432,worker_0,B01,MeasureObjectNeighbors,pattern_group,running,100.0,3,3
cp_tutorial_advanced_segmentation_final,2,8,1790205673.3522565,3635432,worker_0,B01,MeasureObjectNeighbors,step_completed,success,87.5,14,16
cp_tutorial_advanced_segmentation_final,2,8,1790205673.352291,3635432,worker_0,B01,RelateObjects,step_started,started,87.5,14,16
cp_tutorial_advanced_segmentation_final,2,8,1790205673.4915984,3635434,worker_1,C12,MaskImage,pattern_group,running,100.0,1,1
cp_tutorial_advanced_segmentation_final,2,8,1790205673.491764,3635434,worker_1,C12,MaskImage,step_completed,success,37.5,6,16
cp_tutorial_advanced_segmentation_final,2,8,1790205673.4917963,3635434,worker_1,C12,IdentifyPrimaryObjects,step_started,started,37.5,6,16
cp_tutorial_advanced_segmentation_final,2,8,1790205673.9316368,3635434,worker_1,C12,IdentifyPrimaryObjects,pattern_group,running,100.0,1,1
cp_tutorial_advanced_segmentation_final,2,8,1790205673.9324112,3635434,worker_1,C12,IdentifyPrimaryObjects,step_completed,success,43.75,7,16
cp_tutorial_advanced_segmentation_final,2,8,1790205673.932442,3635434,worker_1,C12,MaskImage,step_started,started,43.75,7,16
cp_tutorial_advanced_segmentation_final,2,8,1790205674.1992676,3635434,worker_1,C12,MaskImage,pattern_group,running,100.0,1,1
cp_tutorial_advanced_segmentation_final,2,8,1790205674.1995103,3635434,worker_1,C12,MaskImage,step_completed,success,50.0,8,16
cp_tutorial_advanced_segmentation_final,2,8,1790205674.1995456,3635434,worker_1,C12,IdentifyPrimaryObjects,step_started,started,50.0,8,16
cp_tutorial_advanced_segmentation_final,2,8,1790205674.7094007,3635434,worker_1,C12,IdentifyPrimaryObjects,pattern_group,running,100.0,1,1
cp_tutorial_advanced_segmentation_final,2,8,1790205674.7119036,3635434,worker_1,C12,IdentifyPrimaryObjects,step_completed,success,56.25,9,16
cp_tutorial_advanced_segmentation_final,2,8,1790205674.7119734,3635434,worker_1,C12,MeasureColocalization,step_started,started,56.25,9,16
cp_tutorial_advanced_segmentation_final,2,8,1790205675.1411479,3635432,worker_0,B01,RelateObjects,pattern_group,running,50.0,1,2
cp_tutorial_advanced_segmentation_final,2,8,1790205677.7723463,3635434,worker_1,C12,MeasureColocalization,pattern_group,running,50.0,1,2
cp_tutorial_advanced_segmentation_final,2,8,1790205679.8775852,3635432,worker_0,B01,RelateObjects,pattern_group,running,100.0,2,2
cp_tutorial_advanced_segmentation_final,2,8,1790205679.909561,3635432,worker_0,B01,RelateObjects,step_completed,success,93.75,15,16
cp_tutorial_advanced_segmentation_final,2,8,1790205679.9101975,3635432,worker_0,B01,pipeline,axis_completed,success,93.75,15,16
cp_tutorial_advanced_segmentation_final,2,8,1790205679.9103076,3635432,worker_0,C01,pipeline,axis_started,started,0.0,0,16
cp_tutorial_advanced_segmentation_final,2,8,1790205679.9103673,3635432,worker_0,C01,CorrectIlluminationApply,step_started,started,0.0,0,16
cp_tutorial_advanced_segmentation_final,2,8,1790205680.6745763,3635434,worker_1,C12,MeasureColocalization,pattern_group,running,100.0,2,2
cp_tutorial_advanced_segmentation_final,2,8,1790205680.7146938,3635434,worker_1,C12,MeasureColocalization,step_completed,success,62.5,10,16
cp_tutorial_advanced_segmentation_final,2,8,1790205680.7147663,3635434,worker_1,C12,MeasureObjectIntensity,step_started,started,62.5,10,16
cp_tutorial_advanced_segmentation_final,2,8,1790205681.2462409,3635434,worker_1,C12,MeasureObjectIntensity,pattern_group,running,20.0,1,5
cp_tutorial_advanced_segmentation_final,2,8,1790205681.545741,3635432,worker_0,C01,CorrectIlluminationApply,pattern_group,running,20.0,1,5
cp_tutorial_advanced_segmentation_final,2,8,1790205681.6936889,3635434,worker_1,C12,MeasureObjectIntensity,pattern_group,running,40.0,2,5
cp_tutorial_advanced_segmentation_final,2,8,1790205682.0208256,3635432,worker_0,C01,CorrectIlluminationApply,pattern_group,running,40.0,2,5
cp_tutorial_advanced_segmentation_final,2,8,1790205682.1558423,3635434,worker_1,C12,MeasureObjectIntensity,pattern_group,running,60.0,3,5
cp_tutorial_advanced_segmentation_final,2,8,1790205682.473929,3635432,worker_0,C01,CorrectIlluminationApply,pattern_group,running,60.0,3,5
cp_tutorial_advanced_segmentation_final,2,8,1790205682.634242,3635434,worker_1,C12,MeasureObjectIntensity,pattern_group,running,80.0,4,5
cp_tutorial_advanced_segmentation_final,2,8,1790205682.9185853,3635432,worker_0,C01,CorrectIlluminationApply,pattern_group,running,80.0,4,5
cp_tutorial_advanced_segmentation_final,2,8,1790205683.0985858,3635434,worker_1,C12,MeasureObjectIntensity,pattern_group,running,100.0,5,5
cp_tutorial_advanced_segmentation_final,2,8,1790205683.1197405,3635434,worker_1,C12,MeasureObjectIntensity,step_completed,success,68.75,11,16
cp_tutorial_advanced_segmentation_final,2,8,1790205683.1198406,3635434,worker_1,C12,MeasureObjectIntensityDistribution,step_started,started,68.75,11,16
cp_tutorial_advanced_segmentation_final,2,8,1790205683.3743312,3635432,worker_0,C01,CorrectIlluminationApply,pattern_group,running,100.0,5,5
cp_tutorial_advanced_segmentation_final,2,8,1790205683.3746006,3635432,worker_0,C01,CorrectIlluminationApply,step_completed,success,6.25,1,16
cp_tutorial_advanced_segmentation_final,2,8,1790205683.3746324,3635432,worker_0,C01,IdentifyPrimaryObjects,step_started,started,6.25,1,16
cp_tutorial_advanced_segmentation_final,2,8,1790205683.7768009,3635432,worker_0,C01,IdentifyPrimaryObjects,pattern_group,running,100.0,1,1
cp_tutorial_advanced_segmentation_final,2,8,1790205683.7775016,3635432,worker_0,C01,IdentifyPrimaryObjects,step_completed,success,12.5,2,16
cp_tutorial_advanced_segmentation_final,2,8,1790205683.7775328,3635432,worker_0,C01,IdentifySecondaryObjects,step_started,started,12.5,2,16
cp_tutorial_advanced_segmentation_final,2,8,1790205684.3076541,3635432,worker_0,C01,IdentifySecondaryObjects,pattern_group,running,100.0,1,1
cp_tutorial_advanced_segmentation_final,2,8,1790205684.3088832,3635432,worker_0,C01,IdentifySecondaryObjects,step_completed,success,18.75,3,16
cp_tutorial_advanced_segmentation_final,2,8,1790205684.3089178,3635432,worker_0,C01,IdentifyTertiaryObjects,step_started,started,18.75,3,16
cp_tutorial_advanced_segmentation_final,2,8,1790205684.5953333,3635432,worker_0,C01,IdentifyTertiaryObjects,pattern_group,running,100.0,1,1
cp_tutorial_advanced_segmentation_final,2,8,1790205684.5960455,3635432,worker_0,C01,IdentifyTertiaryObjects,step_completed,success,25.0,4,16
cp_tutorial_advanced_segmentation_final,2,8,1790205684.5960805,3635432,worker_0,C01,EnhanceOrSuppressFeatures,step_started,started,25.0,4,16
cp_tutorial_advanced_segmentation_final,2,8,1790205684.882248,3635434,worker_1,C12,MeasureObjectIntensityDistribution,pattern_group,running,25.0,1,4
cp_tutorial_advanced_segmentation_final,2,8,1790205685.462627,3635432,worker_0,C01,EnhanceOrSuppressFeatures,pattern_group,running,100.0,1,1
cp_tutorial_advanced_segmentation_final,2,8,1790205685.4627912,3635432,worker_0,C01,EnhanceOrSuppressFeatures,step_completed,success,31.25,5,16
cp_tutorial_advanced_segmentation_final,2,8,1790205685.46282,3635432,worker_0,C01,MaskImage,step_started,started,31.25,5,16
cp_tutorial_advanced_segmentation_final,2,8,1790205685.5520809,3635434,worker_1,C12,MeasureObjectIntensityDistribution,pattern_group,running,50.0,2,4
cp_tutorial_advanced_segmentation_final,2,8,1790205685.7220118,3635432,worker_0,C01,MaskImage,pattern_group,running,100.0,1,1
cp_tutorial_advanced_segmentation_final,2,8,1790205685.7221768,3635432,worker_0,C01,MaskImage,step_completed,success,37.5,6,16
cp_tutorial_advanced_segmentation_final,2,8,1790205685.7222083,3635432,worker_0,C01,IdentifyPrimaryObjects,step_started,started,37.5,6,16
cp_tutorial_advanced_segmentation_final,2,8,1790205686.129984,3635432,worker_0,C01,IdentifyPrimaryObjects,pattern_group,running,100.0,1,1
cp_tutorial_advanced_segmentation_final,2,8,1790205686.1307466,3635432,worker_0,C01,IdentifyPrimaryObjects,step_completed,success,43.75,7,16
cp_tutorial_advanced_segmentation_final,2,8,1790205686.1307826,3635432,worker_0,C01,MaskImage,step_started,started,43.75,7,16
cp_tutorial_advanced_segmentation_final,2,8,1790205686.3533347,3635432,worker_0,C01,MaskImage,pattern_group,running,100.0,1,1
cp_tutorial_advanced_segmentation_final,2,8,1790205686.353553,3635432,worker_0,C01,MaskImage,step_completed,success,50.0,8,16
cp_tutorial_advanced_segmentation_final,2,8,1790205686.353589,3635432,worker_0,C01,IdentifyPrimaryObjects,step_started,started,50.0,8,16
cp_tutorial_advanced_segmentation_final,2,8,1790205686.4735568,3635434,worker_1,C12,MeasureObjectIntensityDistribution,pattern_group,running,75.0,3,4
cp_tutorial_advanced_segmentation_final,2,8,1790205686.7977378,3635432,worker_0,C01,IdentifyPrimaryObjects,pattern_group,running,100.0,1,1
cp_tutorial_advanced_segmentation_final,2,8,1790205686.7993615,3635432,worker_0,C01,IdentifyPrimaryObjects,step_completed,success,56.25,9,16
cp_tutorial_advanced_segmentation_final,2,8,1790205686.799422,3635432,worker_0,C01,MeasureColocalization,step_started,started,56.25,9,16
cp_tutorial_advanced_segmentation_final,2,8,1790205687.116772,3635434,worker_1,C12,MeasureObjectIntensityDistribution,pattern_group,running,100.0,4,4
cp_tutorial_advanced_segmentation_final,2,8,1790205687.1266415,3635434,worker_1,C12,MeasureObjectIntensityDistribution,step_completed,success,75.0,12,16
cp_tutorial_advanced_segmentation_final,2,8,1790205687.1267018,3635434,worker_1,C12,MeasureObjectSizeShape,step_started,started,75.0,12,16
cp_tutorial_advanced_segmentation_final,2,8,1790205689.2278454,3635434,worker_1,C12,MeasureObjectSizeShape,pattern_group,running,25.0,1,4
cp_tutorial_advanced_segmentation_final,2,8,1790205689.2889144,3635432,worker_0,C01,MeasureColocalization,pattern_group,running,50.0,1,2
cp_tutorial_advanced_segmentation_final,2,8,1790205690.447363,3635434,worker_1,C12,MeasureObjectSizeShape,pattern_group,running,50.0,2,4
cp_tutorial_advanced_segmentation_final,2,8,1790205691.1440437,3635434,worker_1,C12,MeasureObjectSizeShape,pattern_group,running,75.0,3,4
cp_tutorial_advanced_segmentation_final,2,8,1790205691.6070693,3635434,worker_1,C12,MeasureObjectSizeShape,pattern_group,running,100.0,4,4
cp_tutorial_advanced_segmentation_final,2,8,1790205691.619787,3635434,worker_1,C12,MeasureObjectSizeShape,step_completed,success,81.25,13,16
cp_tutorial_advanced_segmentation_final,2,8,1790205691.619851,3635434,worker_1,C12,MeasureObjectNeighbors,step_started,started,81.25,13,16
cp_tutorial_advanced_segmentation_final,2,8,1790205691.8807952,3635432,worker_0,C01,MeasureColocalization,pattern_group,running,100.0,2,2
cp_tutorial_advanced_segmentation_final,2,8,1790205691.9126704,3635432,worker_0,C01,MeasureColocalization,step_completed,success,62.5,10,16
cp_tutorial_advanced_segmentation_final,2,8,1790205691.9127493,3635432,worker_0,C01,MeasureObjectIntensity,step_started,started,62.5,10,16
cp_tutorial_advanced_segmentation_final,2,8,1790205692.2493422,3635434,worker_1,C12,MeasureObjectNeighbors,pattern_group,running,33.33333333333333,1,3
cp_tutorial_advanced_segmentation_final,2,8,1790205692.3309722,3635432,worker_0,C01,MeasureObjectIntensity,pattern_group,running,20.0,1,5
cp_tutorial_advanced_segmentation_final,2,8,1790205692.7009108,3635432,worker_0,C01,MeasureObjectIntensity,pattern_group,running,40.0,2,5
cp_tutorial_advanced_segmentation_final,2,8,1790205692.7891026,3635434,worker_1,C12,MeasureObjectNeighbors,pattern_group,running,66.66666666666666,2,3
cp_tutorial_advanced_segmentation_final,2,8,1790205693.0707881,3635432,worker_0,C01,MeasureObjectIntensity,pattern_group,running,60.0,3,5
cp_tutorial_advanced_segmentation_final,2,8,1790205693.448582,3635432,worker_0,C01,MeasureObjectIntensity,pattern_group,running,80.0,4,5
cp_tutorial_advanced_segmentation_final,2,8,1790205693.5374365,3635434,worker_1,C12,MeasureObjectNeighbors,pattern_group,running,100.0,3,3
cp_tutorial_advanced_segmentation_final,2,8,1790205693.5402977,3635434,worker_1,C12,MeasureObjectNeighbors,step_completed,success,87.5,14,16
cp_tutorial_advanced_segmentation_final,2,8,1790205693.5403318,3635434,worker_1,C12,RelateObjects,step_started,started,87.5,14,16
cp_tutorial_advanced_segmentation_final,2,8,1790205693.8246677,3635432,worker_0,C01,MeasureObjectIntensity,pattern_group,running,100.0,5,5
cp_tutorial_advanced_segmentation_final,2,8,1790205693.8456771,3635432,worker_0,C01,MeasureObjectIntensity,step_completed,success,68.75,11,16
cp_tutorial_advanced_segmentation_final,2,8,1790205693.8457448,3635432,worker_0,C01,MeasureObjectIntensityDistribution,step_started,started,68.75,11,16
cp_tutorial_advanced_segmentation_final,2,8,1790205694.64803,3635434,worker_1,C12,RelateObjects,pattern_group,running,50.0,1,2
cp_tutorial_advanced_segmentation_final,2,8,1790205695.3325667,3635432,worker_0,C01,MeasureObjectIntensityDistribution,pattern_group,running,25.0,1,4
cp_tutorial_advanced_segmentation_final,2,8,1790205695.9561825,3635432,worker_0,C01,MeasureObjectIntensityDistribution,pattern_group,running,50.0,2,4
cp_tutorial_advanced_segmentation_final,2,8,1790205696.8140619,3635432,worker_0,C01,MeasureObjectIntensityDistribution,pattern_group,running,75.0,3,4
cp_tutorial_advanced_segmentation_final,2,8,1790205697.9845335,3635432,worker_0,C01,MeasureObjectIntensityDistribution,pattern_group,running,100.0,4,4
cp_tutorial_advanced_segmentation_final,2,8,1790205697.9946737,3635432,worker_0,C01,MeasureObjectIntensityDistribution,step_completed,success,75.0,12,16
cp_tutorial_advanced_segmentation_final,2,8,1790205697.9947321,3635432,worker_0,C01,MeasureObjectSizeShape,step_started,started,75.0,12,16
cp_tutorial_advanced_segmentation_final,2,8,1790205699.103112,3635432,worker_0,C01,MeasureObjectSizeShape,pattern_group,running,25.0,1,4
cp_tutorial_advanced_segmentation_final,2,8,1790205699.898145,3635432,worker_0,C01,MeasureObjectSizeShape,pattern_group,running,50.0,2,4
cp_tutorial_advanced_segmentation_final,2,8,1790205700.404447,3635434,worker_1,C12,RelateObjects,pattern_group,running,100.0,2,2
cp_tutorial_advanced_segmentation_final,2,8,1790205700.4460862,3635434,worker_1,C12,RelateObjects,step_completed,success,93.75,15,16
cp_tutorial_advanced_segmentation_final,2,8,1790205700.4467154,3635434,worker_1,C12,pipeline,axis_completed,success,93.75,15,16
cp_tutorial_advanced_segmentation_final,2,8,1790205700.4468224,3635434,worker_1,D12,pipeline,axis_started,started,0.0,0,16
cp_tutorial_advanced_segmentation_final,2,8,1790205700.4650052,3635432,worker_0,C01,MeasureObjectSizeShape,pattern_group,running,75.0,3,4
cp_tutorial_advanced_segmentation_final,2,8,1790205700.4468892,3635434,worker_1,D12,CorrectIlluminationApply,step_started,started,0.0,0,16
cp_tutorial_advanced_segmentation_final,2,8,1790205700.9169066,3635432,worker_0,C01,MeasureObjectSizeShape,pattern_group,running,100.0,4,4
cp_tutorial_advanced_segmentation_final,2,8,1790205700.9293475,3635432,worker_0,C01,MeasureObjectSizeShape,step_completed,success,81.25,13,16
cp_tutorial_advanced_segmentation_final,2,8,1790205700.9293997,3635432,worker_0,C01,MeasureObjectNeighbors,step_started,started,81.25,13,16
cp_tutorial_advanced_segmentation_final,2,8,1790205701.5606966,3635432,worker_0,C01,MeasureObjectNeighbors,pattern_group,running,33.33333333333333,1,3
cp_tutorial_advanced_segmentation_final,2,8,1790205702.0715938,3635432,worker_0,C01,MeasureObjectNeighbors,pattern_group,running,66.66666666666666,2,3
cp_tutorial_advanced_segmentation_final,2,8,1790205702.1369302,3635434,worker_1,D12,CorrectIlluminationApply,pattern_group,running,20.0,1,5
cp_tutorial_advanced_segmentation_final,2,8,1790205702.574902,3635434,worker_1,D12,CorrectIlluminationApply,pattern_group,running,40.0,2,5
cp_tutorial_advanced_segmentation_final,2,8,1790205702.7260208,3635432,worker_0,C01,MeasureObjectNeighbors,pattern_group,running,100.0,3,3
cp_tutorial_advanced_segmentation_final,2,8,1790205702.728556,3635432,worker_0,C01,MeasureObjectNeighbors,step_completed,success,87.5,14,16
cp_tutorial_advanced_segmentation_final,2,8,1790205702.7286055,3635432,worker_0,C01,RelateObjects,step_started,started,87.5,14,16
cp_tutorial_advanced_segmentation_final,2,8,1790205703.0298755,3635434,worker_1,D12,CorrectIlluminationApply,pattern_group,running,60.0,3,5
cp_tutorial_advanced_segmentation_final,2,8,1790205703.4791017,3635434,worker_1,D12,CorrectIlluminationApply,pattern_group,running,80.0,4,5
cp_tutorial_advanced_segmentation_final,2,8,1790205703.600281,3635432,worker_0,C01,RelateObjects,pattern_group,running,50.0,1,2
cp_tutorial_advanced_segmentation_final,2,8,1790205703.932541,3635434,worker_1,D12,CorrectIlluminationApply,pattern_group,running,100.0,5,5
cp_tutorial_advanced_segmentation_final,2,8,1790205703.93281,3635434,worker_1,D12,CorrectIlluminationApply,step_completed,success,6.25,1,16
cp_tutorial_advanced_segmentation_final,2,8,1790205703.9328413,3635434,worker_1,D12,IdentifyPrimaryObjects,step_started,started,6.25,1,16
cp_tutorial_advanced_segmentation_final,2,8,1790205704.4346628,3635434,worker_1,D12,IdentifyPrimaryObjects,pattern_group,running,100.0,1,1
cp_tutorial_advanced_segmentation_final,2,8,1790205704.4355874,3635434,worker_1,D12,IdentifyPrimaryObjects,step_completed,success,12.5,2,16
cp_tutorial_advanced_segmentation_final,2,8,1790205704.4356258,3635434,worker_1,D12,IdentifySecondaryObjects,step_started,started,12.5,2,16
cp_tutorial_advanced_segmentation_final,2,8,1790205705.1700904,3635434,worker_1,D12,IdentifySecondaryObjects,pattern_group,running,100.0,1,1
cp_tutorial_advanced_segmentation_final,2,8,1790205705.1713166,3635434,worker_1,D12,IdentifySecondaryObjects,step_completed,success,18.75,3,16
cp_tutorial_advanced_segmentation_final,2,8,1790205705.1713543,3635434,worker_1,D12,IdentifyTertiaryObjects,step_started,started,18.75,3,16
cp_tutorial_advanced_segmentation_final,2,8,1790205706.073799,3635434,worker_1,D12,IdentifyTertiaryObjects,pattern_group,running,100.0,1,1
cp_tutorial_advanced_segmentation_final,2,8,1790205706.0744104,3635434,worker_1,D12,IdentifyTertiaryObjects,step_completed,success,25.0,4,16
cp_tutorial_advanced_segmentation_final,2,8,1790205706.0744393,3635434,worker_1,D12,EnhanceOrSuppressFeatures,step_started,started,25.0,4,16
cp_tutorial_advanced_segmentation_final,2,8,1790205706.4243586,3635434,worker_1,D12,EnhanceOrSuppressFeatures,pattern_group,running,100.0,1,1
cp_tutorial_advanced_segmentation_final,2,8,1790205706.424521,3635434,worker_1,D12,EnhanceOrSuppressFeatures,step_completed,success,31.25,5,16
cp_tutorial_advanced_segmentation_final,2,8,1790205706.42455,3635434,worker_1,D12,MaskImage,step_started,started,31.25,5,16
cp_tutorial_advanced_segmentation_final,2,8,1790205706.6582694,3635434,worker_1,D12,MaskImage,pattern_group,running,100.0,1,1
cp_tutorial_advanced_segmentation_final,2,8,1790205706.6586106,3635434,worker_1,D12,MaskImage,step_completed,success,37.5,6,16
cp_tutorial_advanced_segmentation_final,2,8,1790205706.6586423,3635434,worker_1,D12,IdentifyPrimaryObjects,step_started,started,37.5,6,16
cp_tutorial_advanced_segmentation_final,2,8,1790205707.0272264,3635432,worker_0,C01,RelateObjects,pattern_group,running,100.0,2,2
cp_tutorial_advanced_segmentation_final,2,8,1790205707.047376,3635432,worker_0,C01,RelateObjects,step_completed,success,93.75,15,16
cp_tutorial_advanced_segmentation_final,2,8,1790205707.0483258,3635432,worker_0,C01,pipeline,axis_completed,success,93.75,15,16
cp_tutorial_advanced_segmentation_final,2,8,1790205707.048494,3635432,worker_0,D01,pipeline,axis_started,started,0.0,0,16
cp_tutorial_advanced_segmentation_final,2,8,1790205707.0488124,3635432,worker_0,D01,CorrectIlluminationApply,step_started,started,0.0,0,16
cp_tutorial_advanced_segmentation_final,2,8,1790205707.0796275,3635434,worker_1,D12,IdentifyPrimaryObjects,pattern_group,running,100.0,1,1
cp_tutorial_advanced_segmentation_final,2,8,1790205707.080618,3635434,worker_1,D12,IdentifyPrimaryObjects,step_completed,success,43.75,7,16
cp_tutorial_advanced_segmentation_final,2,8,1790205707.080654,3635434,worker_1,D12,MaskImage,step_started,started,43.75,7,16
cp_tutorial_advanced_segmentation_final,2,8,1790205707.3177323,3635434,worker_1,D12,MaskImage,pattern_group,running,100.0,1,1
cp_tutorial_advanced_segmentation_final,2,8,1790205707.317923,3635434,worker_1,D12,MaskImage,step_completed,success,50.0,8,16
cp_tutorial_advanced_segmentation_final,2,8,1790205707.3179545,3635434,worker_1,D12,IdentifyPrimaryObjects,step_started,started,50.0,8,16
cp_tutorial_advanced_segmentation_final,2,8,1790205707.8183265,3635434,worker_1,D12,IdentifyPrimaryObjects,pattern_group,running,100.0,1,1
cp_tutorial_advanced_segmentation_final,2,8,1790205707.8213835,3635434,worker_1,D12,IdentifyPrimaryObjects,step_completed,success,56.25,9,16
cp_tutorial_advanced_segmentation_final,2,8,1790205707.8214538,3635434,worker_1,D12,MeasureColocalization,step_started,started,56.25,9,16
cp_tutorial_advanced_segmentation_final,2,8,1790205708.7187648,3635432,worker_0,D01,CorrectIlluminationApply,pattern_group,running,20.0,1,5
cp_tutorial_advanced_segmentation_final,2,8,1790205709.188099,3635432,worker_0,D01,CorrectIlluminationApply,pattern_group,running,40.0,2,5
cp_tutorial_advanced_segmentation_final,2,8,1790205709.6913056,3635432,worker_0,D01,CorrectIlluminationApply,pattern_group,running,60.0,3,5
cp_tutorial_advanced_segmentation_final,2,8,1790205710.1552784,3635432,worker_0,D01,CorrectIlluminationApply,pattern_group,running,80.0,4,5
cp_tutorial_advanced_segmentation_final,2,8,1790205710.640631,3635432,worker_0,D01,CorrectIlluminationApply,pattern_group,running,100.0,5,5
cp_tutorial_advanced_segmentation_final,2,8,1790205710.6409452,3635432,worker_0,D01,CorrectIlluminationApply,step_completed,success,6.25,1,16
cp_tutorial_advanced_segmentation_final,2,8,1790205710.6409814,3635432,worker_0,D01,IdentifyPrimaryObjects,step_started,started,6.25,1,16
cp_tutorial_advanced_segmentation_final,2,8,1790205711.060051,3635432,worker_0,D01,IdentifyPrimaryObjects,pattern_group,running,100.0,1,1
cp_tutorial_advanced_segmentation_final,2,8,1790205711.0607693,3635432,worker_0,D01,IdentifyPrimaryObjects,step_completed,success,12.5,2,16
cp_tutorial_advanced_segmentation_final,2,8,1790205711.0607991,3635432,worker_0,D01,IdentifySecondaryObjects,step_started,started,12.5,2,16
cp_tutorial_advanced_segmentation_final,2,8,1790205711.1226797,3635434,worker_1,D12,MeasureColocalization,pattern_group,running,50.0,1,2
cp_tutorial_advanced_segmentation_final,2,8,1790205711.9209354,3635432,worker_0,D01,IdentifySecondaryObjects,pattern_group,running,100.0,1,1
cp_tutorial_advanced_segmentation_final,2,8,1790205711.9219768,3635432,worker_0,D01,IdentifySecondaryObjects,step_completed,success,18.75,3,16
cp_tutorial_advanced_segmentation_final,2,8,1790205711.9220092,3635432,worker_0,D01,IdentifyTertiaryObjects,step_started,started,18.75,3,16
cp_tutorial_advanced_segmentation_final,2,8,1790205712.2130618,3635432,worker_0,D01,IdentifyTertiaryObjects,pattern_group,running,100.0,1,1
cp_tutorial_advanced_segmentation_final,2,8,1790205712.2136588,3635432,worker_0,D01,IdentifyTertiaryObjects,step_completed,success,25.0,4,16
cp_tutorial_advanced_segmentation_final,2,8,1790205712.2136886,3635432,worker_0,D01,EnhanceOrSuppressFeatures,step_started,started,25.0,4,16
cp_tutorial_advanced_segmentation_final,2,8,1790205712.5010478,3635432,worker_0,D01,EnhanceOrSuppressFeatures,pattern_group,running,100.0,1,1
cp_tutorial_advanced_segmentation_final,2,8,1790205712.5012162,3635432,worker_0,D01,EnhanceOrSuppressFeatures,step_completed,success,31.25,5,16
cp_tutorial_advanced_segmentation_final,2,8,1790205712.5012472,3635432,worker_0,D01,MaskImage,step_started,started,31.25,5,16
cp_tutorial_advanced_segmentation_final,2,8,1790205713.2606466,3635432,worker_0,D01,MaskImage,pattern_group,running,100.0,1,1
cp_tutorial_advanced_segmentation_final,2,8,1790205713.260825,3635432,worker_0,D01,MaskImage,step_completed,success,37.5,6,16
cp_tutorial_advanced_segmentation_final,2,8,1790205713.2608736,3635432,worker_0,D01,IdentifyPrimaryObjects,step_started,started,37.5,6,16
cp_tutorial_advanced_segmentation_final,2,8,1790205713.6206443,3635432,worker_0,D01,IdentifyPrimaryObjects,pattern_group,running,100.0,1,1
cp_tutorial_advanced_segmentation_final,2,8,1790205713.621668,3635432,worker_0,D01,IdentifyPrimaryObjects,step_completed,success,43.75,7,16
cp_tutorial_advanced_segmentation_final,2,8,1790205713.6217027,3635432,worker_0,D01,MaskImage,step_started,started,43.75,7,16
cp_tutorial_advanced_segmentation_final,2,8,1790205713.8446922,3635432,worker_0,D01,MaskImage,pattern_group,running,100.0,1,1
cp_tutorial_advanced_segmentation_final,2,8,1790205713.8448632,3635432,worker_0,D01,MaskImage,step_completed,success,50.0,8,16
cp_tutorial_advanced_segmentation_final,2,8,1790205713.8448925,3635432,worker_0,D01,IdentifyPrimaryObjects,step_started,started,50.0,8,16
cp_tutorial_advanced_segmentation_final,2,8,1790205713.9979026,3635434,worker_1,D12,MeasureColocalization,pattern_group,running,100.0,2,2
cp_tutorial_advanced_segmentation_final,2,8,1790205714.0394776,3635434,worker_1,D12,MeasureColocalization,step_completed,success,62.5,10,16
cp_tutorial_advanced_segmentation_final,2,8,1790205714.039563,3635434,worker_1,D12,MeasureObjectIntensity,step_started,started,62.5,10,16
cp_tutorial_advanced_segmentation_final,2,8,1790205714.2898173,3635432,worker_0,D01,IdentifyPrimaryObjects,pattern_group,running,100.0,1,1
cp_tutorial_advanced_segmentation_final,2,8,1790205714.2919488,3635432,worker_0,D01,IdentifyPrimaryObjects,step_completed,success,56.25,9,16
cp_tutorial_advanced_segmentation_final,2,8,1790205714.2919872,3635432,worker_0,D01,MeasureColocalization,step_started,started,56.25,9,16
cp_tutorial_advanced_segmentation_final,2,8,1790205714.5847654,3635434,worker_1,D12,MeasureObjectIntensity,pattern_group,running,20.0,1,5
cp_tutorial_advanced_segmentation_final,2,8,1790205715.0747502,3635434,worker_1,D12,MeasureObjectIntensity,pattern_group,running,40.0,2,5
cp_tutorial_advanced_segmentation_final,2,8,1790205715.575733,3635434,worker_1,D12,MeasureObjectIntensity,pattern_group,running,60.0,3,5
cp_tutorial_advanced_segmentation_final,2,8,1790205716.0676875,3635434,worker_1,D12,MeasureObjectIntensity,pattern_group,running,80.0,4,5
cp_tutorial_advanced_segmentation_final,2,8,1790205716.5593789,3635434,worker_1,D12,MeasureObjectIntensity,pattern_group,running,100.0,5,5
cp_tutorial_advanced_segmentation_final,2,8,1790205716.5785594,3635434,worker_1,D12,MeasureObjectIntensity,step_completed,success,68.75,11,16
cp_tutorial_advanced_segmentation_final,2,8,1790205716.5786257,3635434,worker_1,D12,MeasureObjectIntensityDistribution,step_started,started,68.75,11,16
cp_tutorial_advanced_segmentation_final,2,8,1790205717.0242336,3635432,worker_0,D01,MeasureColocalization,pattern_group,running,50.0,1,2
cp_tutorial_advanced_segmentation_final,2,8,1790205718.3629038,3635434,worker_1,D12,MeasureObjectIntensityDistribution,pattern_group,running,25.0,1,4
cp_tutorial_advanced_segmentation_final,2,8,1790205719.1116,3635434,worker_1,D12,MeasureObjectIntensityDistribution,pattern_group,running,50.0,2,4
cp_tutorial_advanced_segmentation_final,2,8,1790205719.8854935,3635432,worker_0,D01,MeasureColocalization,pattern_group,running,100.0,2,2
cp_tutorial_advanced_segmentation_final,2,8,1790205719.9392962,3635432,worker_0,D01,MeasureColocalization,step_completed,success,62.5,10,16
cp_tutorial_advanced_segmentation_final,2,8,1790205719.9393904,3635432,worker_0,D01,MeasureObjectIntensity,step_started,started,62.5,10,16
cp_tutorial_advanced_segmentation_final,2,8,1790205720.2997172,3635434,worker_1,D12,MeasureObjectIntensityDistribution,pattern_group,running,75.0,3,4
cp_tutorial_advanced_segmentation_final,2,8,1790205720.4587102,3635432,worker_0,D01,MeasureObjectIntensity,pattern_group,running,20.0,1,5
cp_tutorial_advanced_segmentation_final,2,8,1790205720.9029586,3635432,worker_0,D01,MeasureObjectIntensity,pattern_group,running,40.0,2,5
cp_tutorial_advanced_segmentation_final,2,8,1790205721.3385913,3635432,worker_0,D01,MeasureObjectIntensity,pattern_group,running,60.0,3,5
cp_tutorial_advanced_segmentation_final,2,8,1790205721.566865,3635434,worker_1,D12,MeasureObjectIntensityDistribution,pattern_group,running,100.0,4,4
cp_tutorial_advanced_segmentation_final,2,8,1790205721.5770135,3635434,worker_1,D12,MeasureObjectIntensityDistribution,step_completed,success,75.0,12,16
cp_tutorial_advanced_segmentation_final,2,8,1790205721.5770755,3635434,worker_1,D12,MeasureObjectSizeShape,step_started,started,75.0,12,16
cp_tutorial_advanced_segmentation_final,2,8,1790205721.77258,3635432,worker_0,D01,MeasureObjectIntensity,pattern_group,running,80.0,4,5
cp_tutorial_advanced_segmentation_final,2,8,1790205722.196067,3635432,worker_0,D01,MeasureObjectIntensity,pattern_group,running,100.0,5,5
cp_tutorial_advanced_segmentation_final,2,8,1790205722.2148542,3635432,worker_0,D01,MeasureObjectIntensity,step_completed,success,68.75,11,16
cp_tutorial_advanced_segmentation_final,2,8,1790205722.2149212,3635432,worker_0,D01,MeasureObjectIntensityDistribution,step_started,started,68.75,11,16
cp_tutorial_advanced_segmentation_final,2,8,1790205723.3746617,3635434,worker_1,D12,MeasureObjectSizeShape,pattern_group,running,25.0,1,4
cp_tutorial_advanced_segmentation_final,2,8,1790205723.7954013,3635432,worker_0,D01,MeasureObjectIntensityDistribution,pattern_group,running,25.0,1,4
cp_tutorial_advanced_segmentation_final,2,8,1790205724.4197202,3635432,worker_0,D01,MeasureObjectIntensityDistribution,pattern_group,running,50.0,2,4
cp_tutorial_advanced_segmentation_final,2,8,1790205724.7638595,3635434,worker_1,D12,MeasureObjectSizeShape,pattern_group,running,50.0,2,4
cp_tutorial_advanced_segmentation_final,2,8,1790205725.319414,3635432,worker_0,D01,MeasureObjectIntensityDistribution,pattern_group,running,75.0,3,4
cp_tutorial_advanced_segmentation_final,2,8,1790205725.5516043,3635434,worker_1,D12,MeasureObjectSizeShape,pattern_group,running,75.0,3,4
cp_tutorial_advanced_segmentation_final,2,8,1790205725.9239612,3635432,worker_0,D01,MeasureObjectIntensityDistribution,pattern_group,running,100.0,4,4
cp_tutorial_advanced_segmentation_final,2,8,1790205725.933657,3635432,worker_0,D01,MeasureObjectIntensityDistribution,step_completed,success,75.0,12,16
cp_tutorial_advanced_segmentation_final,2,8,1790205725.933715,3635432,worker_0,D01,MeasureObjectSizeShape,step_started,started,75.0,12,16
cp_tutorial_advanced_segmentation_final,2,8,1790205726.0215826,3635434,worker_1,D12,MeasureObjectSizeShape,pattern_group,running,100.0,4,4
cp_tutorial_advanced_segmentation_final,2,8,1790205726.03476,3635434,worker_1,D12,MeasureObjectSizeShape,step_completed,success,81.25,13,16
cp_tutorial_advanced_segmentation_final,2,8,1790205726.0348172,3635434,worker_1,D12,MeasureObjectNeighbors,step_started,started,81.25,13,16
cp_tutorial_advanced_segmentation_final,2,8,1790205726.6828218,3635434,worker_1,D12,MeasureObjectNeighbors,pattern_group,running,33.33333333333333,1,3
cp_tutorial_advanced_segmentation_final,2,8,1790205727.2076406,3635434,worker_1,D12,MeasureObjectNeighbors,pattern_group,running,66.66666666666666,2,3
cp_tutorial_advanced_segmentation_final,2,8,1790205727.9514532,3635434,worker_1,D12,MeasureObjectNeighbors,pattern_group,running,100.0,3,3
cp_tutorial_advanced_segmentation_final,2,8,1790205727.9547522,3635434,worker_1,D12,MeasureObjectNeighbors,step_completed,success,87.5,14,16
cp_tutorial_advanced_segmentation_final,2,8,1790205727.954804,3635434,worker_1,D12,RelateObjects,step_started,started,87.5,14,16
cp_tutorial_advanced_segmentation_final,2,8,1790205727.9826484,3635432,worker_0,D01,MeasureObjectSizeShape,pattern_group,running,25.0,1,4
cp_tutorial_advanced_segmentation_final,2,8,1790205729.2992494,3635432,worker_0,D01,MeasureObjectSizeShape,pattern_group,running,50.0,2,4
cp_tutorial_advanced_segmentation_final,2,8,1790205729.961572,3635434,worker_1,D12,RelateObjects,pattern_group,running,50.0,1,2
cp_tutorial_advanced_segmentation_final,2,8,1790205730.077565,3635432,worker_0,D01,MeasureObjectSizeShape,pattern_group,running,75.0,3,4
cp_tutorial_advanced_segmentation_final,2,8,1790205730.5531116,3635432,worker_0,D01,MeasureObjectSizeShape,pattern_group,running,100.0,4,4
cp_tutorial_advanced_segmentation_final,2,8,1790205730.5667522,3635432,worker_0,D01,MeasureObjectSizeShape,step_completed,success,81.25,13,16
cp_tutorial_advanced_segmentation_final,2,8,1790205730.5668166,3635432,worker_0,D01,MeasureObjectNeighbors,step_started,started,81.25,13,16
cp_tutorial_advanced_segmentation_final,2,8,1790205731.1623764,3635432,worker_0,D01,MeasureObjectNeighbors,pattern_group,running,33.33333333333333,1,3
cp_tutorial_advanced_segmentation_final,2,8,1790205731.6752748,3635432,worker_0,D01,MeasureObjectNeighbors,pattern_group,running,66.66666666666666,2,3
cp_tutorial_advanced_segmentation_final,2,8,1790205732.3723125,3635432,worker_0,D01,MeasureObjectNeighbors,pattern_group,running,100.0,3,3
cp_tutorial_advanced_segmentation_final,2,8,1790205732.3754883,3635432,worker_0,D01,MeasureObjectNeighbors,step_completed,success,87.5,14,16
cp_tutorial_advanced_segmentation_final,2,8,1790205732.3755357,3635432,worker_0,D01,RelateObjects,step_started,started,87.5,14,16
cp_tutorial_advanced_segmentation_final,2,8,1790205733.9858966,3635432,worker_0,D01,RelateObjects,pattern_group,running,50.0,1,2
cp_tutorial_advanced_segmentation_final,2,8,1790205735.5506604,3635434,worker_1,D12,RelateObjects,pattern_group,running,100.0,2,2
cp_tutorial_advanced_segmentation_final,2,8,1790205735.5931344,3635434,worker_1,D12,RelateObjects,step_completed,success,93.75,15,16
cp_tutorial_advanced_segmentation_final,2,8,1790205735.593978,3635434,worker_1,D12,pipeline,axis_completed,success,93.75,15,16
cp_tutorial_advanced_segmentation_final,2,8,1790205739.035506,3635432,worker_0,D01,RelateObjects,pattern_group,running,100.0,2,2
cp_tutorial_advanced_segmentation_final,2,8,1790205739.0770528,3635432,worker_0,D01,RelateObjects,step_completed,success,93.75,15,16
cp_tutorial_advanced_segmentation_final,2,8,1790205739.0776484,3635432,worker_0,D01,pipeline,axis_completed,success,93.75,15,16
cp_tutorial_advanced_segmentation_final,2,8,1790205744.525979,3628094,,,ExportToDatabase,step_started,started,93.75,15,16
cp_tutorial_advanced_segmentation_final,2,8,1790205746.5304835,3628094,,,ExportToDatabase,running,running,93.75,15,16
cp_tutorial_advanced_segmentation_final,2,8,1790205748.5724826,3628094,,,ExportToDatabase,running,running,93.75,15,16
cp_tutorial_advanced_segmentation_final,2,8,1790205750.5739648,3628094,,,ExportToDatabase,running,running,93.75,15,16
cp_tutorial_advanced_segmentation_final,2,8,1790205752.5791855,3628094,,,ExportToDatabase,running,running,93.75,15,16
cp_tutorial_advanced_segmentation_final,2,8,1790205754.580519,3628094,,,ExportToDatabase,running,running,93.75,15,16
cp_tutorial_advanced_segmentation_final,2,8,1790205756.59582,3628094,,,ExportToDatabase,running,running,93.75,15,16
cp_tutorial_advanced_segmentation_final,2,8,1790205758.5986412,3628094,,,ExportToDatabase,running,running,93.75,15,16
cp_tutorial_advanced_segmentation_final,2,8,1790205760.6039157,3628094,,,ExportToDatabase,running,running,93.75,15,16
cp_tutorial_advanced_segmentation_final,2,8,1790205762.6075044,3628094,,,ExportToDatabase,running,running,93.75,15,16
cp_tutorial_advanced_segmentation_final,2,8,1790205764.6123722,3628094,,,ExportToDatabase,running,running,93.75,15,16
cp_tutorial_advanced_segmentation_final,2,8,1790205766.6128516,3628094,,,ExportToDatabase,running,running,93.75,15,16
cp_tutorial_advanced_segmentation_final,2,8,1790205768.6180558,3628094,,,ExportToDatabase,running,running,93.75,15,16
cp_tutorial_advanced_segmentation_final,2,8,1790205770.6233022,3628094,,,ExportToDatabase,running,running,93.75,15,16
cp_tutorial_advanced_segmentation_final,2,8,1790205772.6264298,3628094,,,ExportToDatabase,running,running,93.75,15,16
cp_tutorial_advanced_segmentation_final,2,8,1790205774.6271608,3628094,,,ExportToDatabase,running,running,93.75,15,16
cp_tutorial_advanced_segmentation_final,2,8,1790205776.6283748,3628094,,,ExportToDatabase,running,running,93.75,15,16
cp_tutorial_advanced_segmentation_final,2,8,1790205778.6285155,3628094,,,ExportToDatabase,running,running,93.75,15,16
cp_tutorial_advanced_segmentation_final,2,8,1790205780.6327224,3628094,,,ExportToDatabase,running,running,93.75,15,16
cp_tutorial_advanced_segmentation_final,2,8,1790205782.6379588,3628094,,,ExportToDatabase,running,running,93.75,15,16
cp_tutorial_advanced_segmentation_final,2,8,1790205784.6383727,3628094,,,ExportToDatabase,running,running,93.75,15,16
cp_tutorial_advanced_segmentation_final,2,8,1790205786.6419275,3628094,,,ExportToDatabase,running,running,93.75,15,16
cp_tutorial_advanced_segmentation_final,2,8,1790205788.647174,3628094,,,ExportToDatabase,running,running,93.75,15,16
cp_tutorial_advanced_segmentation_final,2,8,1790205790.659001,3628094,,,ExportToDatabase,running,running,93.75,15,16
cp_tutorial_advanced_segmentation_final,2,8,1790205792.6642373,3628094,,,ExportToDatabase,running,running,93.75,15,16
cp_tutorial_advanced_segmentation_final,2,8,1790205794.6665003,3628094,,,ExportToDatabase,running,running,93.75,15,16
cp_tutorial_advanced_segmentation_final,2,8,1790205796.6717691,3628094,,,ExportToDatabase,running,running,93.75,15,16
cp_tutorial_advanced_segmentation_final,2,8,1790205798.6719563,3628094,,,ExportToDatabase,running,running,93.75,15,16
cp_tutorial_advanced_segmentation_final,2,8,1790205799.1231802,3628094,,,ExportToDatabase,step_completed,success,100.0,16,16
cp_tutorial_advanced_segmentation_final,2,8,1790205799.1234002,3628094,,,pipeline,success,success,100.0,16,16
