case_name,worker_count,well_count,timestamp,pid,worker_slot,axis_id,step_name,phase,status,percent,completed,total
cp_tutorial_pixel_based_classification,1,12,1791401610.9036443,1717600,,,pipeline,compile,started,0.0,0,8
cp_tutorial_pixel_based_classification,1,12,1791401610.9268756,1717600,,,,init,started,0.0,0,1
cp_tutorial_pixel_based_classification,1,12,1791401611.0368876,1717600,,W001,compilation,compile,running,8.333333333333332,1,12
cp_tutorial_pixel_based_classification,1,12,1791401611.0497437,1717600,,W002,compilation,compile,running,16.666666666666664,2,12
cp_tutorial_pixel_based_classification,1,12,1791401611.0621421,1717600,,W003,compilation,compile,running,25.0,3,12
cp_tutorial_pixel_based_classification,1,12,1791401611.0749443,1717600,,W004,compilation,compile,running,33.33333333333333,4,12
cp_tutorial_pixel_based_classification,1,12,1791401611.0875268,1717600,,W005,compilation,compile,running,41.66666666666667,5,12
cp_tutorial_pixel_based_classification,1,12,1791401611.1023986,1717600,,W006,compilation,compile,running,50.0,6,12
cp_tutorial_pixel_based_classification,1,12,1791401611.1149607,1717600,,W007,compilation,compile,running,58.333333333333336,7,12
cp_tutorial_pixel_based_classification,1,12,1791401611.127291,1717600,,W008,compilation,compile,running,66.66666666666666,8,12
cp_tutorial_pixel_based_classification,1,12,1791401611.1397793,1717600,,W009,compilation,compile,running,75.0,9,12
cp_tutorial_pixel_based_classification,1,12,1791401611.1523736,1717600,,W010,compilation,compile,running,83.33333333333334,10,12
cp_tutorial_pixel_based_classification,1,12,1791401611.1649246,1717600,,W011,compilation,compile,running,91.66666666666666,11,12
cp_tutorial_pixel_based_classification,1,12,1791401611.1784482,1717600,,W012,compilation,compile,running,100.0,12,12
cp_tutorial_pixel_based_classification,1,12,1791401611.1885612,1717600,,,,init,started,0.0,0,1
cp_tutorial_pixel_based_classification,1,12,1791401611.1886368,1717600,,,pipeline,compile,success,100.0,1,8
cp_tutorial_pixel_based_classification,1,12,1791401611.188684,1717600,,W001,compilation,compile,success,100.0,1,1
cp_tutorial_pixel_based_classification,1,12,1791401611.188714,1717600,,W002,compilation,compile,success,100.0,1,1
cp_tutorial_pixel_based_classification,1,12,1791401611.1887398,1717600,,W003,compilation,compile,success,100.0,1,1
cp_tutorial_pixel_based_classification,1,12,1791401611.1887646,1717600,,W004,compilation,compile,success,100.0,1,1
cp_tutorial_pixel_based_classification,1,12,1791401611.188789,1717600,,W005,compilation,compile,success,100.0,1,1
cp_tutorial_pixel_based_classification,1,12,1791401611.1888132,1717600,,W006,compilation,compile,success,100.0,1,1
cp_tutorial_pixel_based_classification,1,12,1791401611.1888375,1717600,,W007,compilation,compile,success,100.0,1,1
cp_tutorial_pixel_based_classification,1,12,1791401611.1888626,1717600,,W008,compilation,compile,success,100.0,1,1
cp_tutorial_pixel_based_classification,1,12,1791401611.188887,1717600,,W009,compilation,compile,success,100.0,1,1
cp_tutorial_pixel_based_classification,1,12,1791401611.1889112,1717600,,W010,compilation,compile,success,100.0,1,1
cp_tutorial_pixel_based_classification,1,12,1791401611.1889355,1717600,,W011,compilation,compile,success,100.0,1,1
cp_tutorial_pixel_based_classification,1,12,1791401611.188959,1717600,,W012,compilation,compile,success,100.0,1,1
cp_tutorial_pixel_based_classification,1,12,1791401611.217333,1717600,,,,init,started,0.0,0,1
cp_tutorial_pixel_based_classification,1,12,1791401611.233018,1717600,worker_0,W001,pipeline,axis_started,started,0.0,0,8
cp_tutorial_pixel_based_classification,1,12,1791401611.234176,1717600,worker_0,W001,Threshold,step_started,started,0.0,0,8
cp_tutorial_pixel_based_classification,1,12,1791401611.3479843,1717600,worker_0,W001,Threshold,pattern_group,running,100.0,1,1
cp_tutorial_pixel_based_classification,1,12,1791401611.3482156,1717600,worker_0,W001,Threshold,step_completed,success,12.5,1,8
cp_tutorial_pixel_based_classification,1,12,1791401611.3484313,1717600,worker_0,W001,ColorToGray,step_started,started,12.5,1,8
cp_tutorial_pixel_based_classification,1,12,1791401611.3985467,1717600,worker_0,W001,ColorToGray,pattern_group,running,100.0,1,1
cp_tutorial_pixel_based_classification,1,12,1791401611.3994658,1717600,worker_0,W001,ColorToGray,step_completed,success,25.0,2,8
cp_tutorial_pixel_based_classification,1,12,1791401611.3996394,1717600,worker_0,W001,IdentifyPrimaryObjects,step_started,started,25.0,2,8
cp_tutorial_pixel_based_classification,1,12,1791401611.573261,1717600,worker_0,W001,IdentifyPrimaryObjects,pattern_group,running,100.0,1,1
cp_tutorial_pixel_based_classification,1,12,1791401611.5738137,1717600,worker_0,W001,IdentifyPrimaryObjects,step_completed,success,37.5,3,8
cp_tutorial_pixel_based_classification,1,12,1791401611.5742064,1717600,worker_0,W001,MeasureObjectSizeShape,step_started,started,37.5,3,8
cp_tutorial_pixel_based_classification,1,12,1791401611.6165686,1717600,worker_0,W001,MeasureObjectSizeShape,pattern_group,running,100.0,1,1
cp_tutorial_pixel_based_classification,1,12,1791401611.6171067,1717600,worker_0,W001,MeasureObjectSizeShape,step_completed,success,50.0,4,8
cp_tutorial_pixel_based_classification,1,12,1791401611.617431,1717600,worker_0,W001,MeasureTexture,step_started,started,50.0,4,8
cp_tutorial_pixel_based_classification,1,12,1791401611.7006102,1717600,worker_0,W001,MeasureTexture,pattern_group,running,100.0,1,1
cp_tutorial_pixel_based_classification,1,12,1791401611.7012043,1717600,worker_0,W001,MeasureTexture,step_completed,success,62.5,5,8
cp_tutorial_pixel_based_classification,1,12,1791401611.7014112,1717600,worker_0,W001,OverlayOutlines,step_started,started,62.5,5,8
cp_tutorial_pixel_based_classification,1,12,1791401611.7466547,1717600,worker_0,W001,OverlayOutlines,pattern_group,running,100.0,1,1
cp_tutorial_pixel_based_classification,1,12,1791401611.746818,1717600,worker_0,W001,OverlayOutlines,step_completed,success,75.0,6,8
cp_tutorial_pixel_based_classification,1,12,1791401611.7471385,1717600,worker_0,W001,SaveImages,step_started,started,75.0,6,8
cp_tutorial_pixel_based_classification,1,12,1791401611.7849126,1717600,worker_0,W001,SaveImages,pattern_group,running,100.0,1,1
cp_tutorial_pixel_based_classification,1,12,1791401611.8541536,1717600,worker_0,W001,SaveImages,step_completed,success,87.5,7,8
cp_tutorial_pixel_based_classification,1,12,1791401611.854738,1717600,worker_0,W001,pipeline,axis_completed,success,87.5,7,8
cp_tutorial_pixel_based_classification,1,12,1791401611.854773,1717600,worker_0,W002,pipeline,axis_started,started,0.0,0,8
cp_tutorial_pixel_based_classification,1,12,1791401611.8557906,1717600,worker_0,W002,Threshold,step_started,started,0.0,0,8
cp_tutorial_pixel_based_classification,1,12,1791401611.936226,1717600,worker_0,W002,Threshold,pattern_group,running,100.0,1,1
cp_tutorial_pixel_based_classification,1,12,1791401611.9364674,1717600,worker_0,W002,Threshold,step_completed,success,12.5,1,8
cp_tutorial_pixel_based_classification,1,12,1791401611.936677,1717600,worker_0,W002,ColorToGray,step_started,started,12.5,1,8
cp_tutorial_pixel_based_classification,1,12,1791401611.9645019,1717600,worker_0,W002,ColorToGray,pattern_group,running,100.0,1,1
cp_tutorial_pixel_based_classification,1,12,1791401611.964652,1717600,worker_0,W002,ColorToGray,step_completed,success,25.0,2,8
cp_tutorial_pixel_based_classification,1,12,1791401611.9648235,1717600,worker_0,W002,IdentifyPrimaryObjects,step_started,started,25.0,2,8
cp_tutorial_pixel_based_classification,1,12,1791401612.1058717,1717600,worker_0,W002,IdentifyPrimaryObjects,pattern_group,running,100.0,1,1
cp_tutorial_pixel_based_classification,1,12,1791401612.106423,1717600,worker_0,W002,IdentifyPrimaryObjects,step_completed,success,37.5,3,8
cp_tutorial_pixel_based_classification,1,12,1791401612.1068156,1717600,worker_0,W002,MeasureObjectSizeShape,step_started,started,37.5,3,8
cp_tutorial_pixel_based_classification,1,12,1791401612.1476276,1717600,worker_0,W002,MeasureObjectSizeShape,pattern_group,running,100.0,1,1
cp_tutorial_pixel_based_classification,1,12,1791401612.1481676,1717600,worker_0,W002,MeasureObjectSizeShape,step_completed,success,50.0,4,8
cp_tutorial_pixel_based_classification,1,12,1791401612.1483617,1717600,worker_0,W002,MeasureTexture,step_started,started,50.0,4,8
cp_tutorial_pixel_based_classification,1,12,1791401612.2318294,1717600,worker_0,W002,MeasureTexture,pattern_group,running,100.0,1,1
cp_tutorial_pixel_based_classification,1,12,1791401612.2324243,1717600,worker_0,W002,MeasureTexture,step_completed,success,62.5,5,8
cp_tutorial_pixel_based_classification,1,12,1791401612.2326255,1717600,worker_0,W002,OverlayOutlines,step_started,started,62.5,5,8
cp_tutorial_pixel_based_classification,1,12,1791401612.277513,1717600,worker_0,W002,OverlayOutlines,pattern_group,running,100.0,1,1
cp_tutorial_pixel_based_classification,1,12,1791401612.2776756,1717600,worker_0,W002,OverlayOutlines,step_completed,success,75.0,6,8
cp_tutorial_pixel_based_classification,1,12,1791401612.28068,1717600,worker_0,W002,SaveImages,step_started,started,75.0,6,8
cp_tutorial_pixel_based_classification,1,12,1791401612.3183765,1717600,worker_0,W002,SaveImages,pattern_group,running,100.0,1,1
cp_tutorial_pixel_based_classification,1,12,1791401612.3867135,1717600,worker_0,W002,SaveImages,step_completed,success,87.5,7,8
cp_tutorial_pixel_based_classification,1,12,1791401612.3872855,1717600,worker_0,W002,pipeline,axis_completed,success,87.5,7,8
cp_tutorial_pixel_based_classification,1,12,1791401612.3873208,1717600,worker_0,W003,pipeline,axis_started,started,0.0,0,8
cp_tutorial_pixel_based_classification,1,12,1791401612.3883376,1717600,worker_0,W003,Threshold,step_started,started,0.0,0,8
cp_tutorial_pixel_based_classification,1,12,1791401612.466705,1717600,worker_0,W003,Threshold,pattern_group,running,100.0,1,1
cp_tutorial_pixel_based_classification,1,12,1791401612.4669433,1717600,worker_0,W003,Threshold,step_completed,success,12.5,1,8
cp_tutorial_pixel_based_classification,1,12,1791401612.4671586,1717600,worker_0,W003,ColorToGray,step_started,started,12.5,1,8
cp_tutorial_pixel_based_classification,1,12,1791401612.4940708,1717600,worker_0,W003,ColorToGray,pattern_group,running,100.0,1,1
cp_tutorial_pixel_based_classification,1,12,1791401612.494206,1717600,worker_0,W003,ColorToGray,step_completed,success,25.0,2,8
cp_tutorial_pixel_based_classification,1,12,1791401612.494378,1717600,worker_0,W003,IdentifyPrimaryObjects,step_started,started,25.0,2,8
cp_tutorial_pixel_based_classification,1,12,1791401612.720775,1717600,worker_0,W003,IdentifyPrimaryObjects,pattern_group,running,100.0,1,1
cp_tutorial_pixel_based_classification,1,12,1791401612.7213757,1717600,worker_0,W003,IdentifyPrimaryObjects,step_completed,success,37.5,3,8
cp_tutorial_pixel_based_classification,1,12,1791401612.7217615,1717600,worker_0,W003,MeasureObjectSizeShape,step_started,started,37.5,3,8
cp_tutorial_pixel_based_classification,1,12,1791401612.7625277,1717600,worker_0,W003,MeasureObjectSizeShape,pattern_group,running,100.0,1,1
cp_tutorial_pixel_based_classification,1,12,1791401612.7631097,1717600,worker_0,W003,MeasureObjectSizeShape,step_completed,success,50.0,4,8
cp_tutorial_pixel_based_classification,1,12,1791401612.7633164,1717600,worker_0,W003,MeasureTexture,step_started,started,50.0,4,8
cp_tutorial_pixel_based_classification,1,12,1791401612.8454947,1717600,worker_0,W003,MeasureTexture,pattern_group,running,100.0,1,1
cp_tutorial_pixel_based_classification,1,12,1791401612.846073,1717600,worker_0,W003,MeasureTexture,step_completed,success,62.5,5,8
cp_tutorial_pixel_based_classification,1,12,1791401612.8462656,1717600,worker_0,W003,OverlayOutlines,step_started,started,62.5,5,8
cp_tutorial_pixel_based_classification,1,12,1791401612.8913374,1717600,worker_0,W003,OverlayOutlines,pattern_group,running,100.0,1,1
cp_tutorial_pixel_based_classification,1,12,1791401612.891497,1717600,worker_0,W003,OverlayOutlines,step_completed,success,75.0,6,8
cp_tutorial_pixel_based_classification,1,12,1791401612.894531,1717600,worker_0,W003,SaveImages,step_started,started,75.0,6,8
cp_tutorial_pixel_based_classification,1,12,1791401612.9310105,1717600,worker_0,W003,SaveImages,pattern_group,running,100.0,1,1
cp_tutorial_pixel_based_classification,1,12,1791401613.0000567,1717600,worker_0,W003,SaveImages,step_completed,success,87.5,7,8
cp_tutorial_pixel_based_classification,1,12,1791401613.0006297,1717600,worker_0,W003,pipeline,axis_completed,success,87.5,7,8
cp_tutorial_pixel_based_classification,1,12,1791401613.000663,1717600,worker_0,W004,pipeline,axis_started,started,0.0,0,8
cp_tutorial_pixel_based_classification,1,12,1791401613.0016735,1717600,worker_0,W004,Threshold,step_started,started,0.0,0,8
cp_tutorial_pixel_based_classification,1,12,1791401613.0808387,1717600,worker_0,W004,Threshold,pattern_group,running,100.0,1,1
cp_tutorial_pixel_based_classification,1,12,1791401613.081065,1717600,worker_0,W004,Threshold,step_completed,success,12.5,1,8
cp_tutorial_pixel_based_classification,1,12,1791401613.0812807,1717600,worker_0,W004,ColorToGray,step_started,started,12.5,1,8
cp_tutorial_pixel_based_classification,1,12,1791401613.1087966,1717600,worker_0,W004,ColorToGray,pattern_group,running,100.0,1,1
cp_tutorial_pixel_based_classification,1,12,1791401613.1089313,1717600,worker_0,W004,ColorToGray,step_completed,success,25.0,2,8
cp_tutorial_pixel_based_classification,1,12,1791401613.1090941,1717600,worker_0,W004,IdentifyPrimaryObjects,step_started,started,25.0,2,8
cp_tutorial_pixel_based_classification,1,12,1791401613.2512171,1717600,worker_0,W004,IdentifyPrimaryObjects,pattern_group,running,100.0,1,1
cp_tutorial_pixel_based_classification,1,12,1791401613.2517579,1717600,worker_0,W004,IdentifyPrimaryObjects,step_completed,success,37.5,3,8
cp_tutorial_pixel_based_classification,1,12,1791401613.2521544,1717600,worker_0,W004,MeasureObjectSizeShape,step_started,started,37.5,3,8
cp_tutorial_pixel_based_classification,1,12,1791401613.2927618,1717600,worker_0,W004,MeasureObjectSizeShape,pattern_group,running,100.0,1,1
cp_tutorial_pixel_based_classification,1,12,1791401613.2932932,1717600,worker_0,W004,MeasureObjectSizeShape,step_completed,success,50.0,4,8
cp_tutorial_pixel_based_classification,1,12,1791401613.2934837,1717600,worker_0,W004,MeasureTexture,step_started,started,50.0,4,8
cp_tutorial_pixel_based_classification,1,12,1791401613.3757203,1717600,worker_0,W004,MeasureTexture,pattern_group,running,100.0,1,1
cp_tutorial_pixel_based_classification,1,12,1791401613.376311,1717600,worker_0,W004,MeasureTexture,step_completed,success,62.5,5,8
cp_tutorial_pixel_based_classification,1,12,1791401613.3765044,1717600,worker_0,W004,OverlayOutlines,step_started,started,62.5,5,8
cp_tutorial_pixel_based_classification,1,12,1791401613.4218907,1717600,worker_0,W004,OverlayOutlines,pattern_group,running,100.0,1,1
cp_tutorial_pixel_based_classification,1,12,1791401613.4220474,1717600,worker_0,W004,OverlayOutlines,step_completed,success,75.0,6,8
cp_tutorial_pixel_based_classification,1,12,1791401613.4251022,1717600,worker_0,W004,SaveImages,step_started,started,75.0,6,8
cp_tutorial_pixel_based_classification,1,12,1791401613.4615037,1717600,worker_0,W004,SaveImages,pattern_group,running,100.0,1,1
cp_tutorial_pixel_based_classification,1,12,1791401613.5301435,1717600,worker_0,W004,SaveImages,step_completed,success,87.5,7,8
cp_tutorial_pixel_based_classification,1,12,1791401613.5307345,1717600,worker_0,W004,pipeline,axis_completed,success,87.5,7,8
cp_tutorial_pixel_based_classification,1,12,1791401613.5307705,1717600,worker_0,W005,pipeline,axis_started,started,0.0,0,8
cp_tutorial_pixel_based_classification,1,12,1791401613.5317965,1717600,worker_0,W005,Threshold,step_started,started,0.0,0,8
cp_tutorial_pixel_based_classification,1,12,1791401613.610954,1717600,worker_0,W005,Threshold,pattern_group,running,100.0,1,1
cp_tutorial_pixel_based_classification,1,12,1791401613.6111877,1717600,worker_0,W005,Threshold,step_completed,success,12.5,1,8
cp_tutorial_pixel_based_classification,1,12,1791401613.611403,1717600,worker_0,W005,ColorToGray,step_started,started,12.5,1,8
cp_tutorial_pixel_based_classification,1,12,1791401613.6381304,1717600,worker_0,W005,ColorToGray,pattern_group,running,100.0,1,1
cp_tutorial_pixel_based_classification,1,12,1791401613.6382966,1717600,worker_0,W005,ColorToGray,step_completed,success,25.0,2,8
cp_tutorial_pixel_based_classification,1,12,1791401613.6384692,1717600,worker_0,W005,IdentifyPrimaryObjects,step_started,started,25.0,2,8
cp_tutorial_pixel_based_classification,1,12,1791401613.8900414,1717600,worker_0,W005,IdentifyPrimaryObjects,pattern_group,running,100.0,1,1
cp_tutorial_pixel_based_classification,1,12,1791401613.8905857,1717600,worker_0,W005,IdentifyPrimaryObjects,step_completed,success,37.5,3,8
cp_tutorial_pixel_based_classification,1,12,1791401613.8909743,1717600,worker_0,W005,MeasureObjectSizeShape,step_started,started,37.5,3,8
cp_tutorial_pixel_based_classification,1,12,1791401613.9331684,1717600,worker_0,W005,MeasureObjectSizeShape,pattern_group,running,100.0,1,1
cp_tutorial_pixel_based_classification,1,12,1791401613.9337184,1717600,worker_0,W005,MeasureObjectSizeShape,step_completed,success,50.0,4,8
cp_tutorial_pixel_based_classification,1,12,1791401613.9339063,1717600,worker_0,W005,MeasureTexture,step_started,started,50.0,4,8
cp_tutorial_pixel_based_classification,1,12,1791401614.0163486,1717600,worker_0,W005,MeasureTexture,pattern_group,running,100.0,1,1
cp_tutorial_pixel_based_classification,1,12,1791401614.0169363,1717600,worker_0,W005,MeasureTexture,step_completed,success,62.5,5,8
cp_tutorial_pixel_based_classification,1,12,1791401614.0171309,1717600,worker_0,W005,OverlayOutlines,step_started,started,62.5,5,8
cp_tutorial_pixel_based_classification,1,12,1791401614.06131,1717600,worker_0,W005,OverlayOutlines,pattern_group,running,100.0,1,1
cp_tutorial_pixel_based_classification,1,12,1791401614.0614684,1717600,worker_0,W005,OverlayOutlines,step_completed,success,75.0,6,8
cp_tutorial_pixel_based_classification,1,12,1791401614.064427,1717600,worker_0,W005,SaveImages,step_started,started,75.0,6,8
cp_tutorial_pixel_based_classification,1,12,1791401614.1017876,1717600,worker_0,W005,SaveImages,pattern_group,running,100.0,1,1
cp_tutorial_pixel_based_classification,1,12,1791401614.1703024,1717600,worker_0,W005,SaveImages,step_completed,success,87.5,7,8
cp_tutorial_pixel_based_classification,1,12,1791401614.1708872,1717600,worker_0,W005,pipeline,axis_completed,success,87.5,7,8
cp_tutorial_pixel_based_classification,1,12,1791401614.170925,1717600,worker_0,W006,pipeline,axis_started,started,0.0,0,8
cp_tutorial_pixel_based_classification,1,12,1791401614.171963,1717600,worker_0,W006,Threshold,step_started,started,0.0,0,8
cp_tutorial_pixel_based_classification,1,12,1791401614.2515576,1717600,worker_0,W006,Threshold,pattern_group,running,100.0,1,1
cp_tutorial_pixel_based_classification,1,12,1791401614.2517812,1717600,worker_0,W006,Threshold,step_completed,success,12.5,1,8
cp_tutorial_pixel_based_classification,1,12,1791401614.2519855,1717600,worker_0,W006,ColorToGray,step_started,started,12.5,1,8
cp_tutorial_pixel_based_classification,1,12,1791401614.2791991,1717600,worker_0,W006,ColorToGray,pattern_group,running,100.0,1,1
cp_tutorial_pixel_based_classification,1,12,1791401614.279341,1717600,worker_0,W006,ColorToGray,step_completed,success,25.0,2,8
cp_tutorial_pixel_based_classification,1,12,1791401614.2795033,1717600,worker_0,W006,IdentifyPrimaryObjects,step_started,started,25.0,2,8
cp_tutorial_pixel_based_classification,1,12,1791401614.4210384,1717600,worker_0,W006,IdentifyPrimaryObjects,pattern_group,running,100.0,1,1
cp_tutorial_pixel_based_classification,1,12,1791401614.4215977,1717600,worker_0,W006,IdentifyPrimaryObjects,step_completed,success,37.5,3,8
cp_tutorial_pixel_based_classification,1,12,1791401614.4219906,1717600,worker_0,W006,MeasureObjectSizeShape,step_started,started,37.5,3,8
cp_tutorial_pixel_based_classification,1,12,1791401614.4629016,1717600,worker_0,W006,MeasureObjectSizeShape,pattern_group,running,100.0,1,1
cp_tutorial_pixel_based_classification,1,12,1791401614.4634361,1717600,worker_0,W006,MeasureObjectSizeShape,step_completed,success,50.0,4,8
cp_tutorial_pixel_based_classification,1,12,1791401614.4636219,1717600,worker_0,W006,MeasureTexture,step_started,started,50.0,4,8
cp_tutorial_pixel_based_classification,1,12,1791401614.5454328,1717600,worker_0,W006,MeasureTexture,pattern_group,running,100.0,1,1
cp_tutorial_pixel_based_classification,1,12,1791401614.5460134,1717600,worker_0,W006,MeasureTexture,step_completed,success,62.5,5,8
cp_tutorial_pixel_based_classification,1,12,1791401614.5462053,1717600,worker_0,W006,OverlayOutlines,step_started,started,62.5,5,8
cp_tutorial_pixel_based_classification,1,12,1791401614.590734,1717600,worker_0,W006,OverlayOutlines,pattern_group,running,100.0,1,1
cp_tutorial_pixel_based_classification,1,12,1791401614.5908985,1717600,worker_0,W006,OverlayOutlines,step_completed,success,75.0,6,8
cp_tutorial_pixel_based_classification,1,12,1791401614.5938764,1717600,worker_0,W006,SaveImages,step_started,started,75.0,6,8
cp_tutorial_pixel_based_classification,1,12,1791401614.6301818,1717600,worker_0,W006,SaveImages,pattern_group,running,100.0,1,1
cp_tutorial_pixel_based_classification,1,12,1791401614.6985126,1717600,worker_0,W006,SaveImages,step_completed,success,87.5,7,8
cp_tutorial_pixel_based_classification,1,12,1791401614.6990833,1717600,worker_0,W006,pipeline,axis_completed,success,87.5,7,8
cp_tutorial_pixel_based_classification,1,12,1791401614.699117,1717600,worker_0,W007,pipeline,axis_started,started,0.0,0,8
cp_tutorial_pixel_based_classification,1,12,1791401614.7001507,1717600,worker_0,W007,Threshold,step_started,started,0.0,0,8
cp_tutorial_pixel_based_classification,1,12,1791401614.7790902,1717600,worker_0,W007,Threshold,pattern_group,running,100.0,1,1
cp_tutorial_pixel_based_classification,1,12,1791401614.7793224,1717600,worker_0,W007,Threshold,step_completed,success,12.5,1,8
cp_tutorial_pixel_based_classification,1,12,1791401614.7795281,1717600,worker_0,W007,ColorToGray,step_started,started,12.5,1,8
cp_tutorial_pixel_based_classification,1,12,1791401614.8067768,1717600,worker_0,W007,ColorToGray,pattern_group,running,100.0,1,1
cp_tutorial_pixel_based_classification,1,12,1791401614.8069108,1717600,worker_0,W007,ColorToGray,step_completed,success,25.0,2,8
cp_tutorial_pixel_based_classification,1,12,1791401614.8070688,1717600,worker_0,W007,IdentifyPrimaryObjects,step_started,started,25.0,2,8
cp_tutorial_pixel_based_classification,1,12,1791401614.9683163,1717600,worker_0,W007,IdentifyPrimaryObjects,pattern_group,running,100.0,1,1
cp_tutorial_pixel_based_classification,1,12,1791401614.9688458,1717600,worker_0,W007,IdentifyPrimaryObjects,step_completed,success,37.5,3,8
cp_tutorial_pixel_based_classification,1,12,1791401614.9692316,1717600,worker_0,W007,MeasureObjectSizeShape,step_started,started,37.5,3,8
cp_tutorial_pixel_based_classification,1,12,1791401615.0104923,1717600,worker_0,W007,MeasureObjectSizeShape,pattern_group,running,100.0,1,1
cp_tutorial_pixel_based_classification,1,12,1791401615.0110278,1717600,worker_0,W007,MeasureObjectSizeShape,step_completed,success,50.0,4,8
cp_tutorial_pixel_based_classification,1,12,1791401615.0112135,1717600,worker_0,W007,MeasureTexture,step_started,started,50.0,4,8
cp_tutorial_pixel_based_classification,1,12,1791401615.0933936,1717600,worker_0,W007,MeasureTexture,pattern_group,running,100.0,1,1
cp_tutorial_pixel_based_classification,1,12,1791401615.0939813,1717600,worker_0,W007,MeasureTexture,step_completed,success,62.5,5,8
cp_tutorial_pixel_based_classification,1,12,1791401615.0941792,1717600,worker_0,W007,OverlayOutlines,step_started,started,62.5,5,8
cp_tutorial_pixel_based_classification,1,12,1791401615.139028,1717600,worker_0,W007,OverlayOutlines,pattern_group,running,100.0,1,1
cp_tutorial_pixel_based_classification,1,12,1791401615.1391895,1717600,worker_0,W007,OverlayOutlines,step_completed,success,75.0,6,8
cp_tutorial_pixel_based_classification,1,12,1791401615.142159,1717600,worker_0,W007,SaveImages,step_started,started,75.0,6,8
cp_tutorial_pixel_based_classification,1,12,1791401615.1802936,1717600,worker_0,W007,SaveImages,pattern_group,running,100.0,1,1
cp_tutorial_pixel_based_classification,1,12,1791401615.2492485,1717600,worker_0,W007,SaveImages,step_completed,success,87.5,7,8
cp_tutorial_pixel_based_classification,1,12,1791401615.2498128,1717600,worker_0,W007,pipeline,axis_completed,success,87.5,7,8
cp_tutorial_pixel_based_classification,1,12,1791401615.2498467,1717600,worker_0,W008,pipeline,axis_started,started,0.0,0,8
cp_tutorial_pixel_based_classification,1,12,1791401615.2508597,1717600,worker_0,W008,Threshold,step_started,started,0.0,0,8
cp_tutorial_pixel_based_classification,1,12,1791401615.3302796,1717600,worker_0,W008,Threshold,pattern_group,running,100.0,1,1
cp_tutorial_pixel_based_classification,1,12,1791401615.330506,1717600,worker_0,W008,Threshold,step_completed,success,12.5,1,8
cp_tutorial_pixel_based_classification,1,12,1791401615.3307147,1717600,worker_0,W008,ColorToGray,step_started,started,12.5,1,8
cp_tutorial_pixel_based_classification,1,12,1791401615.3575342,1717600,worker_0,W008,ColorToGray,pattern_group,running,100.0,1,1
cp_tutorial_pixel_based_classification,1,12,1791401615.3576689,1717600,worker_0,W008,ColorToGray,step_completed,success,25.0,2,8
cp_tutorial_pixel_based_classification,1,12,1791401615.3578336,1717600,worker_0,W008,IdentifyPrimaryObjects,step_started,started,25.0,2,8
cp_tutorial_pixel_based_classification,1,12,1791401615.513353,1717600,worker_0,W008,IdentifyPrimaryObjects,pattern_group,running,100.0,1,1
cp_tutorial_pixel_based_classification,1,12,1791401615.5138853,1717600,worker_0,W008,IdentifyPrimaryObjects,step_completed,success,37.5,3,8
cp_tutorial_pixel_based_classification,1,12,1791401615.5142853,1717600,worker_0,W008,MeasureObjectSizeShape,step_started,started,37.5,3,8
cp_tutorial_pixel_based_classification,1,12,1791401615.555052,1717600,worker_0,W008,MeasureObjectSizeShape,pattern_group,running,100.0,1,1
cp_tutorial_pixel_based_classification,1,12,1791401615.5555928,1717600,worker_0,W008,MeasureObjectSizeShape,step_completed,success,50.0,4,8
cp_tutorial_pixel_based_classification,1,12,1791401615.5557775,1717600,worker_0,W008,MeasureTexture,step_started,started,50.0,4,8
cp_tutorial_pixel_based_classification,1,12,1791401615.6378734,1717600,worker_0,W008,MeasureTexture,pattern_group,running,100.0,1,1
cp_tutorial_pixel_based_classification,1,12,1791401615.6384628,1717600,worker_0,W008,MeasureTexture,step_completed,success,62.5,5,8
cp_tutorial_pixel_based_classification,1,12,1791401615.638658,1717600,worker_0,W008,OverlayOutlines,step_started,started,62.5,5,8
cp_tutorial_pixel_based_classification,1,12,1791401615.68434,1717600,worker_0,W008,OverlayOutlines,pattern_group,running,100.0,1,1
cp_tutorial_pixel_based_classification,1,12,1791401615.6845028,1717600,worker_0,W008,OverlayOutlines,step_completed,success,75.0,6,8
cp_tutorial_pixel_based_classification,1,12,1791401615.6875331,1717600,worker_0,W008,SaveImages,step_started,started,75.0,6,8
cp_tutorial_pixel_based_classification,1,12,1791401615.7242272,1717600,worker_0,W008,SaveImages,pattern_group,running,100.0,1,1
cp_tutorial_pixel_based_classification,1,12,1791401615.7926114,1717600,worker_0,W008,SaveImages,step_completed,success,87.5,7,8
cp_tutorial_pixel_based_classification,1,12,1791401615.7932022,1717600,worker_0,W008,pipeline,axis_completed,success,87.5,7,8
cp_tutorial_pixel_based_classification,1,12,1791401615.7932396,1717600,worker_0,W009,pipeline,axis_started,started,0.0,0,8
cp_tutorial_pixel_based_classification,1,12,1791401615.794282,1717600,worker_0,W009,Threshold,step_started,started,0.0,0,8
cp_tutorial_pixel_based_classification,1,12,1791401615.8729424,1717600,worker_0,W009,Threshold,pattern_group,running,100.0,1,1
cp_tutorial_pixel_based_classification,1,12,1791401615.8731685,1717600,worker_0,W009,Threshold,step_completed,success,12.5,1,8
cp_tutorial_pixel_based_classification,1,12,1791401615.873386,1717600,worker_0,W009,ColorToGray,step_started,started,12.5,1,8
cp_tutorial_pixel_based_classification,1,12,1791401615.9008658,1717600,worker_0,W009,ColorToGray,pattern_group,running,100.0,1,1
cp_tutorial_pixel_based_classification,1,12,1791401615.9010034,1717600,worker_0,W009,ColorToGray,step_completed,success,25.0,2,8
cp_tutorial_pixel_based_classification,1,12,1791401615.901167,1717600,worker_0,W009,IdentifyPrimaryObjects,step_started,started,25.0,2,8
cp_tutorial_pixel_based_classification,1,12,1791401616.0506988,1717600,worker_0,W009,IdentifyPrimaryObjects,pattern_group,running,100.0,1,1
cp_tutorial_pixel_based_classification,1,12,1791401616.0512395,1717600,worker_0,W009,IdentifyPrimaryObjects,step_completed,success,37.5,3,8
cp_tutorial_pixel_based_classification,1,12,1791401616.051637,1717600,worker_0,W009,MeasureObjectSizeShape,step_started,started,37.5,3,8
cp_tutorial_pixel_based_classification,1,12,1791401616.0923057,1717600,worker_0,W009,MeasureObjectSizeShape,pattern_group,running,100.0,1,1
cp_tutorial_pixel_based_classification,1,12,1791401616.0928407,1717600,worker_0,W009,MeasureObjectSizeShape,step_completed,success,50.0,4,8
cp_tutorial_pixel_based_classification,1,12,1791401616.0930262,1717600,worker_0,W009,MeasureTexture,step_started,started,50.0,4,8
cp_tutorial_pixel_based_classification,1,12,1791401616.17647,1717600,worker_0,W009,MeasureTexture,pattern_group,running,100.0,1,1
cp_tutorial_pixel_based_classification,1,12,1791401616.177122,1717600,worker_0,W009,MeasureTexture,step_completed,success,62.5,5,8
cp_tutorial_pixel_based_classification,1,12,1791401616.1773343,1717600,worker_0,W009,OverlayOutlines,step_started,started,62.5,5,8
cp_tutorial_pixel_based_classification,1,12,1791401616.2237217,1717600,worker_0,W009,OverlayOutlines,pattern_group,running,100.0,1,1
cp_tutorial_pixel_based_classification,1,12,1791401616.223887,1717600,worker_0,W009,OverlayOutlines,step_completed,success,75.0,6,8
cp_tutorial_pixel_based_classification,1,12,1791401616.226905,1717600,worker_0,W009,SaveImages,step_started,started,75.0,6,8
cp_tutorial_pixel_based_classification,1,12,1791401616.2639275,1717600,worker_0,W009,SaveImages,pattern_group,running,100.0,1,1
cp_tutorial_pixel_based_classification,1,12,1791401616.3324988,1717600,worker_0,W009,SaveImages,step_completed,success,87.5,7,8
cp_tutorial_pixel_based_classification,1,12,1791401616.3330705,1717600,worker_0,W009,pipeline,axis_completed,success,87.5,7,8
cp_tutorial_pixel_based_classification,1,12,1791401616.3331075,1717600,worker_0,W010,pipeline,axis_started,started,0.0,0,8
cp_tutorial_pixel_based_classification,1,12,1791401616.3341374,1717600,worker_0,W010,Threshold,step_started,started,0.0,0,8
cp_tutorial_pixel_based_classification,1,12,1791401616.4129498,1717600,worker_0,W010,Threshold,pattern_group,running,100.0,1,1
cp_tutorial_pixel_based_classification,1,12,1791401616.4131765,1717600,worker_0,W010,Threshold,step_completed,success,12.5,1,8
cp_tutorial_pixel_based_classification,1,12,1791401616.413391,1717600,worker_0,W010,ColorToGray,step_started,started,12.5,1,8
cp_tutorial_pixel_based_classification,1,12,1791401616.4402676,1717600,worker_0,W010,ColorToGray,pattern_group,running,100.0,1,1
cp_tutorial_pixel_based_classification,1,12,1791401616.4404125,1717600,worker_0,W010,ColorToGray,step_completed,success,25.0,2,8
cp_tutorial_pixel_based_classification,1,12,1791401616.4405794,1717600,worker_0,W010,IdentifyPrimaryObjects,step_started,started,25.0,2,8
cp_tutorial_pixel_based_classification,1,12,1791401616.602553,1717600,worker_0,W010,IdentifyPrimaryObjects,pattern_group,running,100.0,1,1
cp_tutorial_pixel_based_classification,1,12,1791401616.6030912,1717600,worker_0,W010,IdentifyPrimaryObjects,step_completed,success,37.5,3,8
cp_tutorial_pixel_based_classification,1,12,1791401616.6034937,1717600,worker_0,W010,MeasureObjectSizeShape,step_started,started,37.5,3,8
cp_tutorial_pixel_based_classification,1,12,1791401616.6449533,1717600,worker_0,W010,MeasureObjectSizeShape,pattern_group,running,100.0,1,1
cp_tutorial_pixel_based_classification,1,12,1791401616.6454978,1717600,worker_0,W010,MeasureObjectSizeShape,step_completed,success,50.0,4,8
cp_tutorial_pixel_based_classification,1,12,1791401616.6456864,1717600,worker_0,W010,MeasureTexture,step_started,started,50.0,4,8
cp_tutorial_pixel_based_classification,1,12,1791401616.72754,1717600,worker_0,W010,MeasureTexture,pattern_group,running,100.0,1,1
cp_tutorial_pixel_based_classification,1,12,1791401616.728119,1717600,worker_0,W010,MeasureTexture,step_completed,success,62.5,5,8
cp_tutorial_pixel_based_classification,1,12,1791401616.7283196,1717600,worker_0,W010,OverlayOutlines,step_started,started,62.5,5,8
cp_tutorial_pixel_based_classification,1,12,1791401616.7733023,1717600,worker_0,W010,OverlayOutlines,pattern_group,running,100.0,1,1
cp_tutorial_pixel_based_classification,1,12,1791401616.7734635,1717600,worker_0,W010,OverlayOutlines,step_completed,success,75.0,6,8
cp_tutorial_pixel_based_classification,1,12,1791401616.7764432,1717600,worker_0,W010,SaveImages,step_started,started,75.0,6,8
cp_tutorial_pixel_based_classification,1,12,1791401616.8132188,1717600,worker_0,W010,SaveImages,pattern_group,running,100.0,1,1
cp_tutorial_pixel_based_classification,1,12,1791401616.881977,1717600,worker_0,W010,SaveImages,step_completed,success,87.5,7,8
cp_tutorial_pixel_based_classification,1,12,1791401616.8825672,1717600,worker_0,W010,pipeline,axis_completed,success,87.5,7,8
cp_tutorial_pixel_based_classification,1,12,1791401616.8826017,1717600,worker_0,W011,pipeline,axis_started,started,0.0,0,8
cp_tutorial_pixel_based_classification,1,12,1791401616.883613,1717600,worker_0,W011,Threshold,step_started,started,0.0,0,8
cp_tutorial_pixel_based_classification,1,12,1791401616.9661415,1717600,worker_0,W011,Threshold,pattern_group,running,100.0,1,1
cp_tutorial_pixel_based_classification,1,12,1791401616.9663756,1717600,worker_0,W011,Threshold,step_completed,success,12.5,1,8
cp_tutorial_pixel_based_classification,1,12,1791401616.9665854,1717600,worker_0,W011,ColorToGray,step_started,started,12.5,1,8
cp_tutorial_pixel_based_classification,1,12,1791401616.9945433,1717600,worker_0,W011,ColorToGray,pattern_group,running,100.0,1,1
cp_tutorial_pixel_based_classification,1,12,1791401616.9946787,1717600,worker_0,W011,ColorToGray,step_completed,success,25.0,2,8
cp_tutorial_pixel_based_classification,1,12,1791401616.9948435,1717600,worker_0,W011,IdentifyPrimaryObjects,step_started,started,25.0,2,8
cp_tutorial_pixel_based_classification,1,12,1791401617.1451645,1717600,worker_0,W011,IdentifyPrimaryObjects,pattern_group,running,100.0,1,1
cp_tutorial_pixel_based_classification,1,12,1791401617.145711,1717600,worker_0,W011,IdentifyPrimaryObjects,step_completed,success,37.5,3,8
cp_tutorial_pixel_based_classification,1,12,1791401617.1460998,1717600,worker_0,W011,MeasureObjectSizeShape,step_started,started,37.5,3,8
cp_tutorial_pixel_based_classification,1,12,1791401617.190557,1717600,worker_0,W011,MeasureObjectSizeShape,pattern_group,running,100.0,1,1
cp_tutorial_pixel_based_classification,1,12,1791401617.1910832,1717600,worker_0,W011,MeasureObjectSizeShape,step_completed,success,50.0,4,8
cp_tutorial_pixel_based_classification,1,12,1791401617.1912751,1717600,worker_0,W011,MeasureTexture,step_started,started,50.0,4,8
cp_tutorial_pixel_based_classification,1,12,1791401617.2724545,1717600,worker_0,W011,MeasureTexture,pattern_group,running,100.0,1,1
cp_tutorial_pixel_based_classification,1,12,1791401617.2730362,1717600,worker_0,W011,MeasureTexture,step_completed,success,62.5,5,8
cp_tutorial_pixel_based_classification,1,12,1791401617.2732325,1717600,worker_0,W011,OverlayOutlines,step_started,started,62.5,5,8
cp_tutorial_pixel_based_classification,1,12,1791401617.3185332,1717600,worker_0,W011,OverlayOutlines,pattern_group,running,100.0,1,1
cp_tutorial_pixel_based_classification,1,12,1791401617.3186917,1717600,worker_0,W011,OverlayOutlines,step_completed,success,75.0,6,8
cp_tutorial_pixel_based_classification,1,12,1791401617.3216548,1717600,worker_0,W011,SaveImages,step_started,started,75.0,6,8
cp_tutorial_pixel_based_classification,1,12,1791401617.3592982,1717600,worker_0,W011,SaveImages,pattern_group,running,100.0,1,1
cp_tutorial_pixel_based_classification,1,12,1791401617.4277532,1717600,worker_0,W011,SaveImages,step_completed,success,87.5,7,8
cp_tutorial_pixel_based_classification,1,12,1791401617.4283245,1717600,worker_0,W011,pipeline,axis_completed,success,87.5,7,8
cp_tutorial_pixel_based_classification,1,12,1791401617.4283595,1717600,worker_0,W012,pipeline,axis_started,started,0.0,0,8
cp_tutorial_pixel_based_classification,1,12,1791401617.4293723,1717600,worker_0,W012,Threshold,step_started,started,0.0,0,8
cp_tutorial_pixel_based_classification,1,12,1791401617.5086603,1717600,worker_0,W012,Threshold,pattern_group,running,100.0,1,1
cp_tutorial_pixel_based_classification,1,12,1791401617.5089018,1717600,worker_0,W012,Threshold,step_completed,success,12.5,1,8
cp_tutorial_pixel_based_classification,1,12,1791401617.5091174,1717600,worker_0,W012,ColorToGray,step_started,started,12.5,1,8
cp_tutorial_pixel_based_classification,1,12,1791401617.5366364,1717600,worker_0,W012,ColorToGray,pattern_group,running,100.0,1,1
cp_tutorial_pixel_based_classification,1,12,1791401617.5367732,1717600,worker_0,W012,ColorToGray,step_completed,success,25.0,2,8
cp_tutorial_pixel_based_classification,1,12,1791401617.5369344,1717600,worker_0,W012,IdentifyPrimaryObjects,step_started,started,25.0,2,8
cp_tutorial_pixel_based_classification,1,12,1791401617.6787713,1717600,worker_0,W012,IdentifyPrimaryObjects,pattern_group,running,100.0,1,1
cp_tutorial_pixel_based_classification,1,12,1791401617.67938,1717600,worker_0,W012,IdentifyPrimaryObjects,step_completed,success,37.5,3,8
cp_tutorial_pixel_based_classification,1,12,1791401617.6797748,1717600,worker_0,W012,MeasureObjectSizeShape,step_started,started,37.5,3,8
cp_tutorial_pixel_based_classification,1,12,1791401617.7217197,1717600,worker_0,W012,MeasureObjectSizeShape,pattern_group,running,100.0,1,1
cp_tutorial_pixel_based_classification,1,12,1791401617.7222462,1717600,worker_0,W012,MeasureObjectSizeShape,step_completed,success,50.0,4,8
cp_tutorial_pixel_based_classification,1,12,1791401617.7224388,1717600,worker_0,W012,MeasureTexture,step_started,started,50.0,4,8
cp_tutorial_pixel_based_classification,1,12,1791401617.8048368,1717600,worker_0,W012,MeasureTexture,pattern_group,running,100.0,1,1
cp_tutorial_pixel_based_classification,1,12,1791401617.8054223,1717600,worker_0,W012,MeasureTexture,step_completed,success,62.5,5,8
cp_tutorial_pixel_based_classification,1,12,1791401617.8056173,1717600,worker_0,W012,OverlayOutlines,step_started,started,62.5,5,8
cp_tutorial_pixel_based_classification,1,12,1791401617.851378,1717600,worker_0,W012,OverlayOutlines,pattern_group,running,100.0,1,1
cp_tutorial_pixel_based_classification,1,12,1791401617.851539,1717600,worker_0,W012,OverlayOutlines,step_completed,success,75.0,6,8
cp_tutorial_pixel_based_classification,1,12,1791401617.8547041,1717600,worker_0,W012,SaveImages,step_started,started,75.0,6,8
cp_tutorial_pixel_based_classification,1,12,1791401617.8918884,1717600,worker_0,W012,SaveImages,pattern_group,running,100.0,1,1
cp_tutorial_pixel_based_classification,1,12,1791401617.9607193,1717600,worker_0,W012,SaveImages,step_completed,success,87.5,7,8
cp_tutorial_pixel_based_classification,1,12,1791401617.9612951,1717600,worker_0,W012,pipeline,axis_completed,success,87.5,7,8
cp_tutorial_pixel_based_classification,1,12,1791401617.968684,1717600,,,ExportToSpreadsheet,step_started,started,87.5,7,8
cp_tutorial_pixel_based_classification,1,12,1791401618.0902917,1717600,,,ExportToSpreadsheet,step_completed,success,100.0,8,8
cp_tutorial_pixel_based_classification,1,12,1791401618.1002114,1717600,,,pipeline,success,success,100.0,8,8
