suite_id,case_name,suite_case_equivalent,suite_difference_count,artifact_name,output_filename,semantic_kind,comparison_contract,reference_shape,candidate_shape,reference_dtype,candidate_dtype,reference_pixel_digest,candidate_pixel_digest,compared_pixel_count,different_pixel_count,out_of_tolerance_pixel_count,max_abs_difference,artifact_equivalent
example3_intermediate_after_shrink_fix_20260914,ExampleIlluminationCorrection_Example3,False,1,Well,reference_labels__Well.tiff,categorical_object_labels,integer label pixels: exact equality,"[463, 461]","[463, 461]",uint16,uint16,7b0d06586587a6fcbb305f7b4394f7560961f4881b8788e14872c5a4994bfcea,7b0d06586587a6fcbb305f7b4394f7560961f4881b8788e14872c5a4994bfcea,213443,0,,,True
example3_intermediate_after_shrink_fix_20260914,ExampleIlluminationCorrection_Example3,False,1,ShrunkenWell,reference_labels__ShrunkenWell.tiff,categorical_object_labels,integer label pixels: exact equality,"[463, 461]","[463, 461]",uint16,uint16,dbad835d85b1969e6f4a14adaf7e63f3ba870e74f3208e4213c0c8a58207d8e3,dbad835d85b1969e6f4a14adaf7e63f3ba870e74f3208e4213c0c8a58207d8e3,213443,0,,,True
example3_intermediate_after_shrink_fix_20260914,ExampleIlluminationCorrection_Example3,False,1,InvertedWorms,reference_image__InvertedWorms.npy,numeric_image_pixels,"float pixels: atol=1e-6, rtol=1e-6, zero mismatches","[463, 461]","[463, 461]",float32,float32,ac9918bf5c42904ba729c715d9c9a36f819dedb562ded7956eb12d734749638a,ac9918bf5c42904ba729c715d9c9a36f819dedb562ded7956eb12d734749638a,213443,,0,0.0,True
example3_intermediate_after_shrink_fix_20260914,ExampleIlluminationCorrection_Example3,False,1,MaskedInvertedWorms,reference_image__MaskedInvertedWorms.npy,numeric_image_pixels,"float pixels: atol=1e-6, rtol=1e-6, zero mismatches","[463, 461]","[463, 461]",float32,float32,d0e721aab1d36e3949ed302ee374e278d5eee14d3cb0dfea197278d5877c6531,d0e721aab1d36e3949ed302ee374e278d5eee14d3cb0dfea197278d5877c6531,213443,,0,0.0,True
example3_intermediate_after_shrink_fix_20260914,ExampleIlluminationCorrection_Example3,False,1,PolynomialIllum,reference_image__PolynomialIllum.npy,numeric_image_pixels,"float pixels: atol=1e-6, rtol=1e-6, zero mismatches","[463, 461]","[463, 461]",float32,float32,35a8939162cdc8fb1588a3bbae1dc192875da42824ab813dcce500e1e2958f4c,7872a56fedf8d9524b4a3232edfeff4790bf4414af4e5f9667d8f898cfb1180f,213443,,2479,0.24594223499298096,False
example3_intermediate_after_shrink_fix_20260914,ExampleIlluminationCorrection_Example3,False,1,PolynomialCorrected,reference_image__PolynomialCorrected.npy,numeric_image_pixels,"float pixels: atol=1e-6, rtol=1e-6, zero mismatches","[463, 461]","[463, 461]",float32,float32,b5073cb872058f88bb250be9e7a39bedd2ef281f23dfedde5262e4431f1fb0fe,8aedbeab3f9868c1d1d46b0aafb3b20bb9dfd107dc08bb0882577c493f08173b,213443,,0,2.9802322387695312e-08,True
example3_intermediate_after_shrink_fix_20260914,ExampleIlluminationCorrection_Example3,False,1,MaskedOrigWorms,reference_image__MaskedOrigWorms.npy,numeric_image_pixels,"float pixels: atol=1e-6, rtol=1e-6, zero mismatches","[463, 461]","[463, 461]",float32,float32,945795e900e18ecdeadb4b0a3ae2549feff90eb8b8c8d5d5cf44aa2c069e6cf3,945795e900e18ecdeadb4b0a3ae2549feff90eb8b8c8d5d5cf44aa2c069e6cf3,213443,,0,0.0,True
example3_intermediate_after_shrink_fix_20260914,ExampleIlluminationCorrection_Example3,False,1,ConvexHullIllumWorm,reference_image__ConvexHullIllumWorm.npy,numeric_image_pixels,"float pixels: atol=1e-6, rtol=1e-6, zero mismatches","[463, 461]","[463, 461]",float32,float32,4b8411dbe88f186c18b2650e1ed75e372918c731dd44cb9049698b3d4e975d7f,4b8411dbe88f186c18b2650e1ed75e372918c731dd44cb9049698b3d4e975d7f,213443,,0,0.0,True
example3_intermediate_after_shrink_fix_20260914,ExampleIlluminationCorrection_Example3,False,1,ConvexHullCorrWorm,reference_image__ConvexHullCorrWorm.npy,numeric_image_pixels,"float pixels: atol=1e-6, rtol=1e-6, zero mismatches","[463, 461]","[463, 461]",float32,float32,fdc35df90fb97b2d2ab79e4acdaa00aef26d4d9c76fb53d6aa53351bd598dd9b,fdc35df90fb97b2d2ab79e4acdaa00aef26d4d9c76fb53d6aa53351bd598dd9b,213443,,0,0.0,True
