case_name,assay_category,module_category,n,equivalent_count,median_native_execution_seconds,median_openhcs_execution_seconds,median_native_total_phase_seconds,median_openhcs_total_phase_seconds,median_native_peak_memory_mb,median_openhcs_peak_memory_mb,median_speedup,median_total_phase_speedup,speedup_target,meets_execution_speedup_target,meets_total_phase_speedup_target,meets_speedup_target,min_parity_accuracy,execution_phase_ratio,phase_sum_ratio
ExampleColocalization,,,1,1,48.93594650994055,3.413494431064464,48.95678749494255,14.438811400090344,,,14.336026467364226,3.3906383384602017,4.0,True,False,False,1.0,14.336026467364226,3.3906383384602026
ExampleCometAssay,,,1,1,15.649703019065782,3.587978590046987,15.729314401978629,4.60229231917765,,,4.361704683098691,3.417713024536691,4.0,True,False,False,1.0,4.361704683098691,3.4177130245366913
ExampleFly,,,1,1,9.218601097003557,1.6629023789428174,9.253598217968827,5.726384025881998,,,5.543681465453336,1.6159583737563874,4.0,True,False,False,1.0,5.543681465453336,1.6159583737563872
ExampleFlyURL,,,1,1,5.407788787037134,0.5974123490741476,5.432282809051685,4.623115024995059,,,9.052020426792264,1.1750265307442769,4.0,True,False,False,1.0,9.052020426792263,1.1750265307442769
ExampleHuman,,,1,1,5.046770330984145,0.5667078649858013,5.111017421004362,6.985896334168501,,,8.905417840125779,0.7316194195447796,4.0,True,False,False,1.0,8.905417840125779,0.7316194195447796
ExampleIlluminationCorrection_Example1_AllMethod,,,1,1,23.845759848016318,0.2980975710088387,23.87481206213124,0.582548065809533,,,79.99313703669621,40.983420018662,4.0,True,True,True,1.0,79.99313703669623,40.983420018661995
ExampleIlluminationCorrection_Example1_EachMethod,,,1,1,4.95255577005446,0.0958007150329649,4.96288851602003,0.3452551359077915,,,51.69643846969503,14.374553771578029,4.0,True,True,True,1.0,51.696438469695046,14.37455377157803
ExampleIlluminationCorrection_Example2,,,1,1,49.62061384797562,2.151178944041021,49.63224565295968,2.510700781829655,,,23.06670674024104,19.7682838242439,4.0,True,True,True,1.0,23.066706740241038,19.7682838242439
ExampleIlluminationCorrection_Example3,,,1,1,2.5101164190564305,0.1648959550075233,2.5214331570314243,0.5215223538689315,,,15.222425674067672,4.834755669294108,4.0,True,True,True,1.0,15.222425674067672,4.834755669294108
ExampleImagingFlowCytometryObjectsInGrid,,,1,1,74.15655832295306,17.180278953979723,74.4169274000451,98.5445521728834,,,4.316376848221959,0.7551602372649725,4.0,True,False,False,1.0,4.316376848221959,0.7551602372649726
ExampleNeighbors,,,1,1,4.998261964996345,0.4857649850891903,5.075275278068148,10.148250882979482,,,10.289465314340482,0.5001133039172627,4.0,True,False,False,1.0,10.289465314340482,0.5001133039172627
ExamplePercentPositive,,,1,1,2.9019863170105964,0.3711086760740727,2.916974387946538,1.6260886618401855,,,7.819774917984845,1.7938593733539132,4.0,True,False,False,1.0,7.819774917984845,1.793859373353913
ExampleSpeckles,,,1,1,3.786814374965616,0.6138123240089044,3.795720921014436,1.3598396859597417,,,6.1693358488362335,2.7913002982667834,4.0,True,False,False,1.0,6.169335848836234,2.7913002982667834
ExampleTrackObjects,,,1,1,10.91889769793488,1.9784225759794936,11.15024702390656,2.9135002609109506,,,5.518991660580432,3.8270966278960494,4.0,True,False,False,1.0,5.518991660580432,3.82709662789605
ExampleTumor,,,1,1,5.267196976928972,0.7297991029918194,5.318237486877479,1.1830131680471825,,,7.217324542241886,4.495501513018975,4.0,True,True,True,1.0,7.217324542241886,4.495501513018974
ExampleUntangleAndStraightenWorms,,,1,1,3.9757227909285575,0.6183352529769763,3.982490416034125,1.0110589710529894,,,6.42972040133153,3.938929904243344,4.0,True,False,False,1.0,6.42972040133153,3.9389299042433437
ExampleUntangleWorms,,,1,1,3.7546325019793594,0.5133500879164785,3.7662073499523103,0.9851514267502351,,,7.313980440167437,3.82297304524653,4.0,True,False,False,1.0,7.313980440167439,3.82297304524653
ExampleUntangleWormsBrightField,,,1,1,8.755023359903134,1.751395877916366,8.764027810888365,2.947034805547446,,,4.998883159596663,2.9738460483707607,4.0,True,False,False,1.0,4.998883159596662,2.9738460483707607
ExampleVitra,,,1,1,4.796232418972068,0.7541671210201457,4.869966537924483,6.284405819140375,,,6.359641365012448,0.7749287169030455,4.0,True,False,False,1.0,6.3596413650124495,0.7749287169030455
ExampleYeastColonies,,,1,1,15.847964417072944,2.355256243026816,15.943302759085782,11.9710452350555,,,6.728764423826011,1.3318221129428276,4.0,True,False,False,1.0,6.72876442382601,1.3318221129428274
ExampleYeastPatches,,,1,1,7.491444787941873,1.0138702440308407,7.577444582944736,2.314101667958312,,,7.388958135469249,3.274464855137576,4.0,True,False,False,1.0,7.388958135469249,3.274464855137575
cp4_supplement_combine_objects,Object-combination benchmark,Object set algebra,1,1,2.078912112978287,0.0201162319863215,2.0855161889921874,0.2576239129994064,,,103.34500588340256,8.095196461816773,4.0,True,True,True,1.0,103.3450058834026,8.095196461816775
cp_tutorial_3d_monolayer,3D monolayer morphology,3D segmentation + measurement,1,1,16.86580688902177,3.523144857957959,16.92913436400704,4.586923707975075,,,4.787145453564267,3.69073815955847,4.0,True,False,False,1.0,4.787145453564267,3.69073815955847
cp_tutorial_advanced_segmentation_final,Cell Painting morphology,Advanced segmentation + measurement,1,1,39.6165256559616,9.838203941937536,40.19044546794612,13.865356759750284,,,4.026804677944043,2.8986232496097672,4.0,True,False,False,1.0,4.026804677944044,2.8986232496097672
cp_tutorial_beginner_segmentation_final,Cell morphology,Segmentation + intensity measurement,1,1,18.625088742002845,3.337266663904302,18.831199584994465,33.81137410365045,,,5.580941116708116,0.5569486625200882,4.0,True,False,False,1.0,5.580941116708116,0.5569486625200882
cp_tutorial_pixel_based_classification,Pixel classification,Pixel classification,1,1,5.106353026931174,0.6526309340260923,5.196540799923241,1.2404825779376552,,,7.824258337602829,4.1891284024018045,4.0,True,True,True,1.0,7.824258337602829,4.1891284024018045
cp_tutorial_quality_control,Cell Painting quality control,Image quality measurement,1,1,5.391568231047131,0.475703239091672,5.772424502065405,1.0272882753051815,,,11.333890097830784,5.619089247709521,4.0,True,True,True,1.0,11.333890097830784,5.619089247709523
cp_tutorial_translocation_final,Translocation assay,Segmentation + classification,1,1,3.5820830130251125,0.3133592709200457,3.6072416229872033,0.903495941660367,,,11.431233556638857,3.992537715618429,4.0,True,False,False,1.0,11.431233556638857,3.9925377156184294
cp_tutorial_translocation_start,Translocation assay,Starter nuclei segmentation,1,1,2.469631485058926,0.1316305879736319,2.4866358131403103,0.384481099084951,,,18.76183585500385,6.467511196410955,4.0,True,True,True,1.0,18.761835855003856,6.467511196410955
