case_name,mode_name,worker_count,well_count,compile_seconds,prepare_seconds,execute_seconds,total_seconds,wells_per_second,successful_wells,native_single_sample_execution_seconds,projected_native_execution_seconds,projected_execution_speedup,peak_memory_mb,status,memory_limit_mb,error_message,wells_per_worker,peak_gib
ExampleColocalization,4w_4c,4,4,3.125171306077391,0.0,5.440839570015669,8.63031795702409,0.7351806552142982,4,48.93594650994055,195.7437860397622,35.976761218709946,4164.18359375,success,,,1,4.066585540771484
ExampleCometAssay,4w_4c,4,4,0.5968840239802375,0.0,5.168229556060396,5.797372029046528,0.7739594297450467,4,15.649703019065782,62.59881207626313,12.112235224315487,3936.22265625,success,,,1,3.8439674377441406
ExampleFly,4w_4c,4,4,0.6027822700561956,0.0,2.826233082916588,3.4414517810801044,1.415311434919628,4,9.218601097003557,36.87440438801423,13.047191546551762,3750.79296875,success,,,1,3.662883758544922
ExampleFlyURL,4w_4c,4,4,0.3607338949805125,0.0,1.3587808199226856,1.781290395068936,2.943815471451532,4,5.407788787037134,21.631155148148537,15.91953229762203,3557.84375,success,,,1,3.474456787109375
ExampleHuman,4w_4c,4,4,0.3645876740338281,0.0,1.3091208359692246,1.73887411900796,3.05548570467794,4,5.046770330984145,20.18708132393658,15.420334601114812,3346.53125,success,,,1,3.268096923828125
ExampleIlluminationCorrection_Example1_AllMethod,4w_4c,4,4,0.2517677939031273,0.0,0.8136773830046877,1.0849205140257254,4.915953280192078,4,23.845759848016318,95.38303939206526,117.22464134352832,3227.9296875,success,,,1,3.1522750854492188
ExampleIlluminationCorrection_Example1_EachMethod,4w_4c,4,4,0.2374516880372539,0.0,0.6358439120231196,0.89734613802284,6.290852085495092,4,4.95255577005446,19.81022308021784,31.15579579457785,3190.6953125,success,,,1,3.1159133911132812
ExampleIlluminationCorrection_Example2,4w_4c,4,4,0.3306231059832498,0.0,3.1742747629759838,3.5535317769972607,1.2601303600605365,4,49.62061384797562,198.48245539190248,62.52844199467436,3898.703125,success,,,1,3.8073272705078125
ExampleIlluminationCorrection_Example3,4w_4c,4,4,0.335206446936354,0.0,0.7833644059719518,1.1560291700297969,5.106180430852024,4,2.5101164190564305,10.040465676225722,12.817107338146302,3395.00390625,success,,,1,3.3154335021972656
ExampleImagingFlowCytometryObjectsInGrid,4w_4c,4,4,0.6894118000054732,0.0,19.102687153033912,19.84664182900451,0.2093946243246053,4,74.15655832295306,296.62623329181224,15.52798467124044,10398.94921875,success,,,1,10.155223846435547
ExampleNeighbors,4w_4c,4,4,0.6559080929728225,0.0,1.239407579996623,1.897292727022432,3.227348343319716,4,4.998261964996345,19.99304785998538,16.131132472208904,3584.12890625,success,,,1,3.5001258850097656
ExamplePercentPositive,4w_4c,4,4,0.3519192159874365,0.0,0.9388026220258324,1.3270617380039766,4.260746514926046,4,2.9019863170105964,11.607945268042386,12.36462808656597,3487.8046875,success,,,1,3.4060592651367188
ExampleSpeckles,4w_4c,4,4,0.3457976250210777,0.0,1.7772123409667984,2.1420480449451134,2.2507158586486136,4,3.786814374965616,15.147257499862462,8.523043167493649,3920.8203125,success,,,1,3.8289260864257812
ExampleTrackObjects,4w_4c,4,4,0.3175130389863625,0.0,3.005017778952606,3.36546083597932,1.3311069332156142,4,10.91889769793488,43.67559079173952,14.53422042879313,3944.30078125,success,,,1,3.851856231689453
ExampleTumor,4w_4c,4,4,0.2728140030521899,0.0,1.651884227991104,1.9311162630328909,2.421477202954166,4,5.267196976928972,21.068787907715887,12.754397403102605,4138.265625,success,,,1,4.0412750244140625
ExampleUntangleAndStraightenWorms,4w_4c,4,4,0.4061234900727868,0.0,1.4840856110677123,1.9544952800497413,2.6952623016958133,4,3.9757227909285575,15.90289116371423,10.715615760382606,3678.0078125,success,,,1,3.5918045043945312
ExampleUntangleWorms,4w_4c,4,4,0.4034698789473623,0.0,1.4648100809426978,1.9020794479874892,2.7307294317811817,4,3.7546325019793594,15.018530007917434,10.25288547867725,3584.2421875,success,,,1,3.5002365112304688
ExampleUntangleWormsBrightField,4w_4c,4,4,0.8174970289692283,0.0,3.006335205980577,3.845773349981755,1.3305236196025985,4,8.755023359903134,35.02009343961254,11.648765370523622,4052.2734375,success,,,1,3.9572982788085938
ExampleVitra,4w_4c,4,4,0.3339958559954539,0.0,1.973958122078329,2.318539791973308,2.026385441140212,4,4.796232418972068,19.18492967588827,9.7190155461297,4121.0390625,success,,,1,4.024452209472656
ExampleWoundHealing,4w_4c,4,4,0.2906607439508661,0.0,2.3598947540158406,2.672373819979839,1.694990843635373,4,900.0,3600.0,1525.4917592718357,5537.51171875,success,,,1,5.407726287841797
ExampleYeastColonies,4w_4c,4,4,0.4528394740773365,0.0,4.088361240923405,4.563226529979147,0.9783871248854108,4,15.847964417072944,63.39185766829178,15.505444341306292,4944.359375,success,,,1,4.8284759521484375
ExampleYeastPatches,4w_4c,4,4,0.4888052480528131,0.0,2.5997056550113484,3.1406339360401034,1.5386357268136723,4,7.491444787941873,29.96577915176749,11.52660459617944,4524.265625,success,,,1,4.4182281494140625
cp_tutorial_3d_monolayer,4w_4c,4,4,0.5911766469944268,0.0,5.43037934100721,6.027275116997771,0.736596791644779,4,16.86580688902177,67.46322755608708,12.423299242953846,7988.59375,success,,,1,7.801361083984375
cp_tutorial_advanced_segmentation_final,4w_4c,4,4,0.5380878900177777,0.0,9.677265719044954,10.219861665042115,0.4133398953929684,4,39.6165256559616,158.46610262384638,16.375090570468014,5910.59375,success,,,1,5.772064208984375
cp_tutorial_quality_control,4w_4c,4,4,0.2637966279871762,0.0,1.3408281550509855,1.6112138499738649,2.983230912128257,4,5.391568231047131,21.566272924188524,16.084293011708468,4009.234375,success,,,1,3.9152679443359375
cp_tutorial_beginner_segmentation_final,4w_4c,4,4,0.4064907800639048,0.0,4.780796869890764,5.197267887997441,0.8366806013432224,4,18.625088742002845,74.50035496801138,15.58325044872982,4716.6640625,success,,,1,4.606117248535156
cp_tutorial_pixel_based_classification,4w_4c,4,4,0.3101133320014924,0.0,1.865395911037922,2.221314765978605,2.1443169122067856,4,5.106353026931174,20.425412107724696,10.949639155346826,4648.546875,success,,,1,4.5395965576171875
cp_tutorial_translocation_final,4w_4c,4,4,0.3443460020935163,0.0,1.2784535739338023,1.679210762027651,3.12878002107812,4,3.5820830130251125,14.32833205210045,11.207549764996283,4113.05859375,success,,,1,4.016658782958984
cp4_supplement_combine_objects,4w_4c,4,4,0.2535820000339299,0.0,0.816366650047712,1.083144676988013,4.8997591949232895,4,2.078912112978287,8.315648451913148,10.186168741002763,3951.53515625,success,,,1,3.8589210510253906
cp_tutorial_translocation_start,4w_4c,4,4,0.2555293788900599,0.0,1.0390928860288111,1.33514522400219,3.849511486203256,4,2.469631485058926,9.878525940235704,9.50687476842354,4126.76953125,success,,,1,4.030048370361328
ExampleColocalization,8w_4c,4,8,0.5578602469759062,0.0,10.08515676704701,10.662250610999765,0.7932449821840939,8,48.93594650994055,391.4875720795244,38.818194017439566,4349.84375,success,,,2,4.247894287109375
ExampleCometAssay,8w_4c,4,8,0.4034493169747293,0.0,9.263772461912597,9.691167638986371,0.8635790692065771,8,15.649703019065782,125.19762415252626,13.514755966564188,4068.65625,success,,,2,3.973297119140625
ExampleFly,8w_4c,4,8,0.5411156270420179,0.0,5.337323519983329,5.917932637035847,1.4988785989920634,8,9.218601097003557,73.74880877602845,13.817563896943389,3813.04296875,success,,,2,3.723674774169922
ExampleFlyURL,8w_4c,4,8,0.4147157279076054,0.0,2.601431443006732,3.083169654943049,3.0752299936659524,8,5.407788787037134,43.26231029629707,16.630194277307012,3738.3203125,success,,,2,3.6507034301757812
ExampleHuman,8w_4c,4,8,0.3723365669138729,0.0,2.049272989970632,2.452621416072361,3.9038234725938814,8,5.046770330984145,40.37416264787316,19.701700478886305,3405.7109375,success,,,2,3.3258895874023438
ExampleIlluminationCorrection_Example1_AllMethod,8w_4c,4,8,0.3060288958949968,0.0,1.449809269979596,1.77223981206771,5.517967201377177,8,23.845759848016318,190.7660787841305,131.58012073327083,3269.7421875,success,,,2,3.1931076049804688
ExampleIlluminationCorrection_Example1_EachMethod,8w_4c,4,8,0.2523516800720244,0.0,0.9802068140124902,1.2475360439857468,8.161542937303087,8,4.95255577005446,39.62044616043568,40.420496566687625,3232.81640625,success,,,2,3.1570472717285156
ExampleIlluminationCorrection_Example2,8w_4c,4,8,0.3783765359548852,0.0,6.456940606003627,6.874210255919024,1.2389768604285512,8,49.62061384797562,396.96491078380495,61.47879235790232,3954.6953125,success,,,2,3.8620071411132812
ExampleIlluminationCorrection_Example3,8w_4c,4,8,0.3714346850756556,0.0,1.245571055915207,1.656363104004413,6.422756824677377,8,2.5101164190564305,20.080931352451444,16.121867361229427,3436.2578125,success,,,2,3.3557205200195312
ExampleImagingFlowCytometryObjectsInGrid,8w_4c,4,8,0.9882893620524557,0.0,28.666537028038874,29.703586767078377,0.2790710294785576,8,74.15655832295306,593.2524665836245,20.69494707377321,11008.578125,success,,,2,10.750564575195312
ExampleNeighbors,8w_4c,4,8,0.3745660870335996,0.0,2.1890353970229626,2.581613240065053,3.654577724453344,8,4.998261964996345,39.98609571997076,18.26653683825804,3612.78515625,success,,,2,3.5281105041503906
ExamplePercentPositive,8w_4c,4,8,0.4392314339056611,0.0,1.4415767149766907,1.8817945659393445,5.5494792034909874,8,2.9019863170105964,23.21589053608477,16.10451271506571,3498.01171875,success,,,2,3.416027069091797
ExampleSpeckles,8w_4c,4,8,0.3868312030099332,0.0,2.921932414988987,3.3749356659827754,2.737914114290064,8,3.786814374965616,30.294514999724925,10.367972525414864,3989.90625,success,,,2,3.896392822265625
ExampleTrackObjects,8w_4c,4,8,0.3526382800191641,0.0,6.121334666968323,6.480876188958064,1.3069045290350236,8,10.91889769793488,87.35118158347905,14.26995685350119,4171.12890625,success,,,2,4.073368072509766
ExampleTumor,8w_4c,4,8,0.3042972269468009,0.0,2.884401803021319,3.2124995259800926,2.773538690629112,8,5.267196976928972,42.137575815431774,14.608774606677198,4317.84375,success,,,2,4.216644287109375
ExampleUntangleAndStraightenWorms,8w_4c,4,8,0.4178844500565901,0.0,2.5532143759774044,3.0185733310645446,3.133305246621719,8,3.9757227909285575,31.80578232742846,12.457153079929991,3678.05078125,success,,,2,3.591846466064453
ExampleUntangleWorms,8w_4c,4,8,0.4738455219194293,0.0,2.263897301978432,2.772220565006137,3.53372919920385,8,3.7546325019793594,30.037060015834868,13.267854504524266,3667.16796875,success,,,2,3.581218719482422
ExampleUntangleWormsBrightField,8w_4c,4,8,0.5468011109624058,0.0,5.590838926960714,6.144375280011445,1.4309122663902163,8,8.755023359903134,70.04018687922508,12.52767031821828,4070.14453125,success,,,2,3.974750518798828
ExampleVitra,8w_4c,4,8,0.3778976430185139,0.0,3.4129002960398798,3.842254990013316,2.3440473808399003,8,4.796232418972068,38.36985935177654,11.242596039590897,4233.41015625,success,,,2,4.134189605712891
ExampleWoundHealing,8w_4c,4,8,0.3204565210035071,0.0,4.114596219966188,4.473186386050656,1.944297708042356,8,900.0,7200.0,1749.8679372381202,5693.7578125,success,,,2,5.560310363769531
ExampleYeastColonies,8w_4c,4,8,0.5391017789952457,0.0,7.551047482993454,8.151315176975913,1.059455660690478,8,15.847964417072944,126.78371533658355,16.790215612089202,5087.48828125,success,,,2,4.968250274658203
ExampleYeastPatches,8w_4c,4,8,0.8731497529661283,0.0,3.948147109011188,4.8628601810196415,2.0262669498157573,8,7.491444787941873,59.931558303534985,15.179666980176131,4595.0859375,success,,,2,4.487388610839844
cp_tutorial_3d_monolayer,8w_4c,4,8,0.7869052949827164,0.0,10.12892196397297,10.932464460027404,0.7898175174470471,8,16.86580688902177,134.92645511217415,13.320909726828477,8333.7890625,success,,,2,8.138465881347656
cp_tutorial_advanced_segmentation_final,8w_4c,4,8,0.640603011008352,0.0,17.77473097096663,18.44584015500732,0.4500771355171145,8,39.6165256559616,316.9322052476928,17.83049238637547,6484.046875,success,,,2,6.3320770263671875
cp_tutorial_quality_control,8w_4c,4,8,0.2886141110211611,0.0,2.460353444097564,2.762151828967035,3.2515653469188166,8,5.391568231047131,43.13254584837705,17.531036425621235,4014.87890625,success,,,2,3.9207801818847656
cp_tutorial_beginner_segmentation_final,8w_4c,4,8,0.4613434439525008,0.0,9.257805360015482,9.751460605999457,0.8641356875520465,8,18.625088742002845,149.00070993602276,16.09460386578851,4892.8125,success,,,2,4.77813720703125
cp_tutorial_pixel_based_classification,8w_4c,4,8,0.3453556929016486,0.0,2.988385280943476,3.3578242560615763,2.677030987608896,8,5.106353026931174,40.85082421544939,13.669865286765235,4870.15234375,success,,,2,4.756008148193359
cp_tutorial_translocation_final,8w_4c,4,8,0.3654739490011707,0.0,2.298002721974626,2.66940332192462,3.4812839530171518,8,3.5820830130251125,28.6566641042009,12.47024811161965,4166.5,success,,,2,4.06884765625
cp4_supplement_combine_objects,8w_4c,4,8,0.2662634430453181,0.0,1.3312963449861854,1.631944074993953,6.00918047294948,8,2.078912112978287,16.631296903826296,12.492558074287263,3951.55078125,success,,,2,3.858936309814453
cp_tutorial_translocation_start,8w_4c,4,8,0.2682117020012811,0.0,1.741959573002532,2.0757003360195085,4.592529082756371,8,2.469631485058926,19.75705188047141,11.341854418823926,4146.05078125,success,,,2,4.048877716064453
ExampleColocalization,12w_4c,4,12,0.6295370520092547,0.0,15.702520466060378,16.350249842973426,0.7642085247356912,12,48.93594650994055,587.2313581192866,37.397267488906365,4414.2109375,success,,,3,4.310752868652344
ExampleCometAssay,12w_4c,4,12,0.4465112730395049,0.0,13.611286674975418,14.0934723559767,0.8816212814077455,12,15.649703019065782,187.7964362287894,13.79711122931944,4107.68359375,success,,,3,4.011409759521484
ExampleFly,12w_4c,4,12,0.6113296760013327,0.0,7.840061588096432,8.476304444950074,1.530600221077294,12,9.218601097003557,110.62321316404268,14.10999287709703,3891.31640625,success,,,3,3.8001136779785156
ExampleFlyURL,12w_4c,4,12,0.4720662600593641,0.0,3.840329562081024,4.355080944020301,3.124731824707606,12,5.407788787037134,64.89346544444561,16.897889724151877,3708.8984375,success,,,3,3.6219711303710938
ExampleHuman,12w_4c,4,12,0.4231833139201626,0.0,2.869457933004014,3.3117038609925658,4.181974533230842,12,5.046770330984145,60.56124397180975,21.105464999240684,3432.06640625,success,,,3,3.3516273498535156
ExampleIlluminationCorrection_Example1_AllMethod,12w_4c,4,12,0.2999334149062633,0.0,2.0366862630471587,2.3694631960242987,5.891923669208812,12,23.845759848016318,286.14911817619577,140.49739685879646,3276.7578125,success,,,3,3.1999588012695312
ExampleIlluminationCorrection_Example1_EachMethod,12w_4c,4,12,0.274493966018781,0.0,1.5337599599733949,1.811456070980057,7.823910072739254,12,4.95255577005446,59.43066924065352,38.748350975132,3239.4296875,success,,,3,3.1635055541992188
ExampleIlluminationCorrection_Example2,12w_4c,4,12,0.6914410460740328,0.0,8.832928825984709,9.56936651293654,1.3585527786319755,12,49.62061384797562,595.4473661757074,67.41222282059157,3977.21484375,success,,,3,3.8839988708496094
ExampleIlluminationCorrection_Example3,12w_4c,4,12,0.4069146959809586,0.0,1.7027020149398595,2.175313306041062,7.04762189432415,12,2.5101164190564305,30.12139702867717,17.690351432244633,3446.6796875,success,,,3,3.3658981323242188
ExampleImagingFlowCytometryObjectsInGrid,12w_4c,4,12,0.8425721609964967,0.0,38.80911544302944,39.6989578200737,0.3092057075512484,12,74.15655832295306,889.8786998754367,22.92963108581412,11644.95703125,success,,,3,11.372028350830078
ExampleNeighbors,12w_4c,4,12,0.4145110140088945,0.0,2.8425976089201868,3.2792200020048767,4.2214909216638725,12,4.998261964996345,59.979143579956144,21.100117509329905,3639.86328125,success,,,3,3.554553985595703
ExamplePercentPositive,12w_4c,4,12,0.4168599629774689,0.0,2.1961746519664302,2.621705622994341,5.464046308546242,12,2.9019863170105964,34.82383580412716,15.856587622913452,3510.59375,success,,,3,3.428314208984375
ExampleSpeckles,12w_4c,4,12,0.815013166051358,0.0,3.845666817971505,4.703430542955175,3.120395127295428,12,3.786814374965616,45.44177249958739,11.81635712361499,4036.64453125,success,,,3,3.942035675048828
ExampleTrackObjects,12w_4c,4,12,0.389120600069873,0.0,9.255655554006808,9.682122461032122,1.2965045998071043,12,10.91889769793488,131.02677237521857,14.156401090195777,4238.70703125,success,,,3,4.139362335205078
ExampleTumor,12w_4c,4,12,0.31899318494834,0.0,4.121059146942571,4.506321193068288,2.9118727909796798,12,5.267196976928972,63.20636372314766,15.337407561849894,4294.7421875,success,,,3,4.194084167480469
ExampleUntangleAndStraightenWorms,12w_4c,4,12,0.4469841920072213,0.0,3.5666473710443825,4.026040740078315,3.3645041832341755,12,3.9757227909285575,47.70867349114269,13.376335961458585,3696.94921875,success,,,3,3.610301971435547
ExampleUntangleWorms,12w_4c,4,12,0.5293622099561617,0.0,3.362724864971824,3.90202934097033,3.5685345908014234,12,3.7546325019793594,45.0555900237523,13.398535959060634,3677.4921875,success,,,3,3.5913009643554688
ExampleUntangleWormsBrightField,12w_4c,4,12,0.6501318329246715,0.0,8.152585181989707,8.839604538981803,1.4719257428318335,12,8.755023359903134,105.0602803188376,12.886744262535478,4126.79296875,success,,,3,4.030071258544922
ExampleVitra,12w_4c,4,12,0.4207518050679937,0.0,4.8184479309711605,5.269461835036054,2.490428488988859,12,4.796232418972068,57.55478902766481,11.944673856019984,4343.1015625,success,,,3,4.241310119628906
ExampleWoundHealing,12w_4c,4,12,0.3487244150601327,0.0,6.00799868197646,6.378658731002361,1.9973373223264996,12,900.0,10800.0,1797.603590093849,5640.0,success,,,3,5.5078125
ExampleYeastColonies,12w_4c,4,12,0.6029701509978622,0.0,11.25892432895489,11.904930137912745,1.0658211787727594,12,15.847964417072944,190.17557300487533,16.89109611615343,5154.0859375,success,,,3,5.033287048339844
ExampleYeastPatches,12w_4c,4,12,0.5463166650151834,0.0,5.648558510001749,6.201561875059269,2.124435814686513,12,7.491444787941873,89.89733745530248,15.915093611250324,4620.36328125,success,,,3,4.512073516845703
cp_tutorial_3d_monolayer,12w_4c,4,12,0.7843454680405557,0.0,15.193841924890876,15.98176659992896,0.7897936584651012,12,16.86580688902177,202.38968266826123,13.32050732584641,8666.8828125,success,,,3,8.463752746582031
cp_tutorial_advanced_segmentation_final,12w_4c,4,12,0.7113535871030763,0.0,26.193763007991947,26.93627711792942,0.4581243251051288,12,39.6165256559616,475.3983078715392,18.149294079147428,6691.16015625,success,,,3,6.534336090087891
cp_tutorial_quality_control,12w_4c,4,12,0.2985036360332742,0.0,3.4151174490107223,3.7175738000078127,3.513788377461546,12,5.391568231047131,64.69881877256557,18.94482978654432,4028.0234375,success,,,3,3.9336166381835938
cp_tutorial_beginner_segmentation_final,12w_4c,4,12,0.5374557529576123,0.0,13.312528040958568,13.906016221968455,0.9014065520147396,12,18.625088742002845,223.5010649040341,16.788777023897328,5078.734375,success,,,3,4.9597015380859375
cp_tutorial_pixel_based_classification,12w_4c,4,12,0.3823817229131236,0.0,4.32890469499398,4.749940238893032,2.772063800313508,12,5.106353026931174,61.27623632317409,14.155136377577216,4928.4765625,success,,,3,4.812965393066406
cp_tutorial_translocation_final,12w_4c,4,12,0.4098865441046655,0.0,3.069842247990892,3.5117846101056784,3.9089956520904607,12,3.5820830130251125,42.98499615630135,14.002346923342262,4186.0234375,success,,,3,4.087913513183594
cp4_supplement_combine_objects,12w_4c,4,12,0.2802292470587417,0.0,1.998630280024372,2.318929800996557,6.004111976054754,12,2.078912112978287,24.946945355739444,12.48202111469823,3951.56640625,success,,,3,3.8589515686035156
cp_tutorial_translocation_start,12w_4c,4,12,0.3056688379729166,0.0,2.344003151054494,2.656415236997418,5.119447042808613,12,2.469631485058926,29.635577820707116,12.64314760301196,4146.3125,success,,,3,4.04913330078125
ExampleColocalization,24w_4c,4,24,0.8391110589727759,0.0,29.97727522999048,30.82335074606817,0.8006064532506085,24,48.93594650994055,1174.4627162385732,39.178434571785,4795.91796875,success,,,6,4.683513641357422
ExampleCometAssay,24w_4c,4,24,0.8382231299765408,0.0,27.16190640197601,28.00409527204465,0.8835904094807577,24,15.649703019065782,375.5928724575788,13.827927498868586,4215.30859375,success,,,6,4.116512298583984
ExampleFly,24w_4c,4,24,0.8284434219822288,0.0,15.757631796994248,16.629383270977996,1.523071506505056,24,9.218601097003557,221.24642632808536,14.040588660682369,4181.7265625,success,,,6,4.083717346191406
ExampleFlyURL,24w_4c,4,24,0.6566718539688736,0.0,7.546826004981995,8.21812678896822,3.1801448694002663,24,5.407788787037134,129.78693088889122,17.19755176589643,4068.359375,success,,,6,3.9730072021484375
ExampleHuman,24w_4c,4,24,0.918417594046332,0.0,5.629961952101439,6.5766645120456815,4.262906251265474,24,5.046770330984145,121.12248794361948,21.51390879265344,3504.15234375,success,,,6,3.4220237731933594
ExampleIlluminationCorrection_Example1_AllMethod,24w_4c,4,24,0.3693159379763528,0.0,3.9632745829876512,4.348062526900321,6.055598595923673,24,23.845759848016318,572.2982363523915,144.4003498543807,3297.83984375,success,,,6,3.2205467224121094
ExampleIlluminationCorrection_Example1_EachMethod,24w_4c,4,24,0.3224318959983066,0.0,2.6045734980143607,2.953552449005656,9.214560471530865,24,4.95255577005446,118.86133848130704,45.63562463179592,3256.55859375,success,,,6,3.1802330017089844
ExampleIlluminationCorrection_Example2,24w_4c,4,24,0.5356019299943,0.0,17.75672676297836,18.334960124921054,1.3516004565682942,24,49.62061384797562,1190.8947323514149,67.06724433212287,4005.28125,success,,,6,3.911407470703125
ExampleIlluminationCorrection_Example3,24w_4c,4,24,0.5482338410802186,0.0,3.1740257929777727,3.733821947011165,7.561375226722384,24,2.5101164190564305,60.24279405735433,18.979932107242394,3457.06640625,success,,,6,3.3760414123535156
ExampleImagingFlowCytometryObjectsInGrid,24w_4c,4,24,1.1859156800201165,0.0,68.1601050569443,69.34930651891045,0.352112133335904,24,74.15655832295306,1779.7573997508734,26.111423951943397,13462.23046875,success,,,6,13.146709442138672
ExampleNeighbors,24w_4c,4,24,0.534564938978292,0.0,5.632708469056524,6.225065208040178,4.260827651891593,24,4.998261964996345,119.95828715991227,21.29673279185444,3747.08203125,success,,,6,3.659259796142578
ExamplePercentPositive,24w_4c,4,24,0.5612808880396187,0.0,3.881012859987095,4.461000778945163,6.183952711787666,24,2.9019863170105964,69.64767160825431,17.94574615464838,3534.55859375,success,,,6,3.4517173767089844
ExampleSpeckles,24w_4c,4,24,0.5536498189903796,0.0,7.285290332045406,7.8917714189738035,3.294309341994583,24,3.786814374965616,90.88354499917476,12.474937971848606,4173.9296875,success,,,6,4.076103210449219
ExampleTrackObjects,24w_4c,4,24,0.5019050310365856,0.0,18.918798208003864,19.44068923301529,1.26857952265945,24,10.91889769793488,262.05354475043714,13.8514900296136,4378.3671875,success,,,6,4.275749206542969
ExampleTumor,24w_4c,4,24,0.4020247679436579,0.0,7.693168728030287,8.150104582076892,3.119650802998158,24,5.267196976928972,126.41272744629532,16.431815278625937,4485.65625,success,,,6,4.380523681640625
ExampleUntangleAndStraightenWorms,24w_4c,4,24,0.5863051119958982,0.0,7.105445496039465,7.736829295987263,3.377691098098981,24,3.9757227909285575,95.41734698228538,13.428763479428625,3702.76171875,success,,,6,3.615978240966797
ExampleUntangleWorms,24w_4c,4,24,0.6692878019530326,0.0,6.435904936981387,7.172021738020703,3.729079319070341,24,3.7546325019793594,90.1111800475046,14.001322413840558,3731.99609375,success,,,6,3.6445274353027344
ExampleUntangleWormsBrightField,24w_4c,4,24,0.8472629729658365,0.0,15.846434420906007,16.71207103296183,1.5145362901535182,24,8.755023359903134,210.12056063767525,13.259800599715083,4176.21875,success,,,6,4.078338623046875
ExampleVitra,24w_4c,4,24,0.5371175790205598,0.0,9.989456449984573,10.543458960019052,2.402533122814412,24,4.796232418972068,115.10957805532962,11.52310725129668,4656.1484375,success,,,6,4.547019958496094
ExampleWoundHealing,24w_4c,4,24,0.438197178998962,0.0,11.873854149016552,12.333948139916174,2.0212476672528266,24,900.0,21600.0,1819.122900527544,5815.5,success,,,6,5.67919921875
ExampleYeastColonies,24w_4c,4,24,0.7653854510281235,0.0,22.093946842011064,22.89169718499761,1.0862703785619972,24,15.847964417072944,380.35114600975066,17.215174306770887,5413.2734375,success,,,6,5.286399841308594
ExampleYeastPatches,24w_4c,4,24,0.7319985890062526,0.0,10.90118242194876,11.674869606969878,2.2015960352775763,24,7.491444787941873,179.79467491060495,16.49313514363369,4679.015625,success,,,6,4.5693511962890625
cp_tutorial_3d_monolayer,24w_4c,4,24,1.5176495750201866,0.0,29.5076069929637,31.05229448399041,0.813349588318801,24,16.86580688902177,404.77936533652246,13.717797089850254,8477.58203125,success,,,6,8.278888702392578
cp_tutorial_advanced_segmentation_final,24w_4c,4,24,1.3078748870175332,0.0,51.150446215993725,52.51006311492529,0.469204117959301,24,39.6165256559616,950.7966157430784,18.58823697701748,7276.8828125,success,,,6,7.106330871582031
cp_tutorial_quality_control,24w_4c,4,24,0.3744218980427831,0.0,6.896878032013774,7.291654160013422,3.4798353528360715,24,5.391568231047131,129.39763754513115,18.761769737625645,4117.15234375,success,,,6,4.020656585693359
cp_tutorial_beginner_segmentation_final,24w_4c,4,24,0.6778670239727944,0.0,27.357142171938904,28.03712941892445,0.8772846172732753,24,18.625088742002845,447.0021298080683,16.339503848708755,5621.14453125,success,,,6,5.489398956298828
cp_tutorial_pixel_based_classification,24w_4c,4,24,0.4873963990248739,0.0,8.341475517954677,8.880019806092605,2.8771888077044645,24,5.106353026931174,122.55247264634818,14.69194177727419,5305.40625,success,,,6,5.181060791015625
cp_tutorial_translocation_final,24w_4c,4,24,0.973947560065426,0.0,5.666539835976437,6.682462956989184,4.235388913641055,24,3.5820830130251125,85.9699923126027,15.171514681108508,4224.703125,success,,,6,4.1256866455078125
cp4_supplement_combine_objects,24w_4c,4,24,0.3651202799519524,0.0,3.2393365639727563,3.64208850893192,7.408924489947457,24,2.078912112978287,49.89389071147889,15.402502866293243,3951.59765625,success,,,6,3.8589820861816406
cp_tutorial_translocation_start,24w_4c,4,24,0.3448720200685784,0.0,4.15651684103068,4.53680556290783,5.774065381640265,24,2.469631485058926,59.27115564141423,14.259813663287582,4169.8828125,success,,,6,4.072151184082031
ExampleColocalization,32w_4c,4,32,1.0211499410215763,0.0,40.012456544092856,41.060464820009656,0.7997509466767354,32,48.93594650994055,1565.9502883180976,39.136569547847046,5014.8125,success,,,8,4.89727783203125
ExampleCometAssay,32w_4c,4,32,0.7127714860253036,0.0,36.01354169193655,36.74004084104672,0.8885546518509957,32,15.649703019065782,500.790496610105,13.905616417677471,4255.7265625,success,,,8,4.155982971191406
ExampleFly,32w_4c,4,32,1.1868139040889218,0.0,21.37935343501158,22.589317504083738,1.4967711767931988,32,9.218601097003557,294.9952351041138,13.798136412349088,4320.40625,success,,,8,4.219146728515625
ExampleFlyURL,32w_4c,4,32,0.73278552305419,0.0,10.166128913057037,10.941353583941236,3.1477074778090084,32,5.407788787037134,173.0492411851883,17.022137203368494,4171.67578125,success,,,8,4.073902130126953
ExampleHuman,32w_4c,4,32,0.6450054069282487,0.0,7.53838636900764,8.209566165925935,4.244940287428185,32,5.046770330984145,161.49665059149265,21.423238699391877,3562.6796875,success,,,8,3.4791793823242188
ExampleIlluminationCorrection_Example1_AllMethod,32w_4c,4,32,0.4442480000434443,0.0,5.309697126969695,5.771265003015287,6.026709101252027,32,23.845759848016318,763.064315136522,143.71145790231006,3311.890625,success,,,8,3.2342681884765625
ExampleIlluminationCorrection_Example1_EachMethod,32w_4c,4,32,0.3642564590554684,0.0,3.442846224992536,3.861932142986916,9.294635283941378,32,4.95255577005446,158.4817846417427,46.03219960603564,3274.19140625,success,,,8,3.1974525451660156
ExampleIlluminationCorrection_Example2,32w_4c,4,32,0.6939130800310522,0.0,26.36288983898703,27.110786515055224,1.2138274747359628,32,49.62061384797562,1587.8596431352198,60.23086440193659,4038.59375,success,,,8,3.943939208984375
ExampleIlluminationCorrection_Example3,32w_4c,4,32,0.5983869560295716,0.0,4.158693948062137,4.7904183669015765,7.694723487625561,32,2.5101164190564305,80.32372540980577,19.31465176638808,3474.953125,success,,,8,3.3935089111328125
ExampleImagingFlowCytometryObjectsInGrid,32w_4c,4,32,1.4192310029175133,0.0,102.6651701539522,104.14777311205398,0.3116928550550707,32,74.15655832295306,2373.009866334498,23.11406938473911,14639.328125,success,,,8,14.296218872070312
ExampleNeighbors,32w_4c,4,32,0.6165210650069639,0.0,7.413019216968678,8.064328053034842,4.316729670247017,32,4.998261964996345,159.94438287988305,21.57614572396688,3808.94921875,success,,,8,3.719676971435547
ExamplePercentPositive,32w_4c,4,32,0.6443876118864864,0.0,5.058358722017147,5.705309717915952,6.32616264653512,32,2.9019863170105964,92.86356214433908,18.35843743942846,3562.8984375,success,,,8,3.4793930053710938
ExampleSpeckles,32w_4c,4,32,0.6396373390452936,0.0,9.817260487936435,10.504591406090183,3.2595651342166145,32,3.786814374965616,121.1780599988997,12.343368106388205,4223.19921875,success,,,8,4.124217987060547
ExampleTrackObjects,32w_4c,4,32,0.550529423984699,0.0,26.799272864940576,27.39340581407305,1.1940622479299852,32,10.91889769793488,349.4047263339162,13.037843530113664,4429.71484375,success,,,8,4.325893402099609
ExampleTumor,32w_4c,4,32,0.7625191570259631,0.0,10.0247588660568,10.789202918065712,3.192096730461017,32,5.267196976928972,168.5503032617271,16.81340224874912,4446.2890625,success,,,8,4.342079162597656
ExampleUntangleAndStraightenWorms,32w_4c,4,32,0.6830415560398251,0.0,9.8540786820231,10.59441943001002,3.247386288723058,32,3.9757227909285575,127.22312930971384,12.910707679025167,3738.13671875,success,,,8,3.650524139404297
ExampleUntangleWorms,32w_4c,4,32,0.8001939170062542,0.0,8.977768553071655,9.81823043501936,3.56436009803923,32,3.7546325019793594,120.14824006333949,13.382862272856425,3772.0,success,,,8,3.68359375
ExampleUntangleWormsBrightField,32w_4c,4,32,1.0055327200097963,0.0,21.043468461022712,22.05731903994456,1.5206618651897277,32,8.755023359903134,280.1607475169003,13.313430152249934,4240.35546875,success,,,8,4.140972137451172
ExampleVitra,32w_4c,4,32,0.9645447749644518,0.0,12.067522109951824,13.084955196944064,2.651745711210282,32,4.796232418972068,153.47943740710616,12.718388746976895,4851.515625,success,,,8,4.7378082275390625
ExampleWoundHealing,32w_4c,4,32,0.4799128558952361,0.0,15.800251187058166,16.313204874983057,2.02528425789907,32,900.0,28800.0,1822.755832109163,5986.8984375,success,,,8,5.846580505371094
ExampleYeastColonies,32w_4c,4,32,1.0403657890856266,0.0,28.932719177915715,30.03906426706817,1.1060142602989609,32,15.847964417072944,507.1348613463342,17.52807464199318,5541.24609375,success,,,8,5.411373138427734
ExampleYeastPatches,32w_4c,4,32,0.8264063680544496,0.0,14.354448970989324,15.184954039053991,2.2292740086834923,32,7.491444787941873,239.72623321413997,16.700483153246232,4796.48046875,success,,,8,4.684062957763672
cp_tutorial_3d_monolayer,32w_4c,4,32,1.2756632720120251,0.0,39.66993601806462,40.947733141016215,0.806656203968367,32,16.86580688902177,539.7058204486966,13.604907761961831,8506.74609375,success,,,8,8.307369232177734
cp_tutorial_advanced_segmentation_final,32w_4c,4,32,1.1453726050676778,0.0,69.60964784701355,70.76174958306365,0.4597063911360226,32,39.6165256559616,1267.728820990771,18.211970038649756,7707.02734375,success,,,8,7.526393890380859
cp_tutorial_quality_control,32w_4c,4,32,0.4104613478993997,0.0,9.801301570958458,10.25997092097532,3.2648725037516377,32,5.391568231047131,172.5301833935082,17.602782869646635,4147.1328125,success,,,8,4.049934387207031
cp_tutorial_beginner_segmentation_final,32w_4c,4,32,0.8270846790401265,0.0,36.390650124056265,37.25844617106486,0.8793467522814659,32,18.625088742002845,596.002839744091,16.377911296234295,5925.5859375,success,,,8,5.786705017089844
cp_tutorial_pixel_based_classification,32w_4c,4,32,0.5332215600647032,0.0,10.8150973089505,11.369359780917875,2.958826821975705,32,5.106353026931174,163.40329686179757,15.108814298560786,5554.30078125,success,,,8,5.424121856689453
cp_tutorial_translocation_final,32w_4c,4,32,0.6002495390130207,0.0,7.460508167045191,8.067946417955682,4.28925205676357,32,3.5820830130251125,114.6266564168036,15.36445693111581,4283.73046875,success,,,8,4.183330535888672
cp4_supplement_combine_objects,32w_4c,4,32,0.4096041111042723,0.0,4.599791203043424,5.0577018619515,6.956837514456612,32,2.078912112978287,66.52518761530519,14.46265377682561,3951.62890625,success,,,8,3.8590126037597656
cp_tutorial_translocation_start,32w_4c,4,32,0.3724878509528935,0.0,5.261069408035837,5.643671780009754,6.082413577574688,32,2.469631485058926,79.02820752188563,15.021320076328353,4165.4375,success,,,8,4.06781005859375
ExampleColocalization,16w_4c,4,16,0.9805941949598492,0.0,20.074977193959057,21.09512862807605,0.7970121134092598,16,48.93594650994055,782.9751441590488,39.00254214957021,4534.16015625,success,,,4,4.427890777587891
ExampleCometAssay,16w_4c,4,16,0.5123902619816363,0.0,17.871924144914374,18.450113264028914,0.8952589475125403,16,15.649703019065782,250.3952483050525,14.010536653732656,4146.6328125,success,,,4,4.049446105957031
ExampleFly,16w_4c,4,16,0.6633712440961972,0.0,10.302855630987324,10.99662804894615,1.5529675046477107,16,9.218601097003557,147.4976175520569,14.316187941956263,3952.19921875,success,,,4,3.859569549560547
ExampleFlyURL,16w_4c,4,16,0.5216828880365938,0.0,5.039749401039444,5.56319520692341,3.1747610301218576,16,5.407788787037134,86.52462059259415,17.168437100215442,3800.7109375,success,,,4,3.7116317749023438
ExampleHuman,16w_4c,4,16,0.45448346901685,0.0,3.841803689021617,4.34831200609915,4.164710457674292,16,5.046770330984145,80.74832529574633,21.01833717493001,3460.33984375,success,,,4,3.3792381286621094
ExampleIlluminationCorrection_Example1_AllMethod,16w_4c,4,16,0.3368743220344186,0.0,2.663786910008639,3.0385716939345,6.006486457262495,16,23.845759848016318,381.532157568261,143.22923359024378,3283.79296875,success,,,4,3.206829071044922
ExampleIlluminationCorrection_Example1_EachMethod,16w_4c,4,16,0.2847344760084525,0.0,1.715375644969754,2.0270017710281536,9.327403036716262,16,4.95255577005446,79.24089232087135,46.19448372911261,3251.57421875,success,,,4,3.175365447998047
ExampleIlluminationCorrection_Example2,16w_4c,4,16,0.4684901440050453,0.0,11.469289932982065,11.976146753993817,1.3950296917674947,16,49.62061384797562,793.9298215676099,69.2222296416553,3982.2109375,success,,,4,3.8888778686523438
ExampleIlluminationCorrection_Example3,16w_4c,4,16,0.4526463170768693,0.0,2.26480767398607,2.7384281660197303,7.064617531889558,16,2.5101164190564305,40.16186270490289,17.733012461149897,3444.2421875,success,,,4,3.3635177612304688
ExampleImagingFlowCytometryObjectsInGrid,16w_4c,4,16,0.936433500959538,0.0,48.24141756002791,49.190939272986725,0.3316652123684141,16,74.15655832295306,1186.504933167249,24.59515066469292,12291.75390625,success,,,4,12.003665924072266
ExampleNeighbors,16w_4c,4,16,0.4887794330716133,0.0,3.925946490955539,4.4252266879193485,4.075450349835448,16,4.998261964996345,79.97219143994153,20.370168473813568,3679.26953125,success,,,4,3.593036651611328
ExamplePercentPositive,16w_4c,4,16,0.4700719609390944,0.0,2.5645422940142453,3.0786176059627905,6.238930056776488,16,2.9019863170105964,46.43178107216954,18.105289657551516,3521.25390625,success,,,4,3.4387245178222656
ExampleSpeckles,16w_4c,4,16,0.477419544942677,0.0,4.831854510004632,5.325733070028946,3.311357982089709,16,3.786814374965616,60.58902999944985,12.539498007234444,4110.1796875,success,,,4,4.013847351074219
ExampleTrackObjects,16w_4c,4,16,0.4144288019742816,0.0,11.931232394999824,12.368115814984776,1.3410182175904417,16,10.91889769793488,174.7023631669581,14.642440728937007,4291.0,success,,,4,4.1904296875
ExampleTumor,16w_4c,4,16,0.3473102640127763,0.0,5.356585821020417,5.7267886840272695,2.986977252788986,16,5.267196976928972,84.27515163086355,15.732997556045753,4353.3125,success,,,4,4.25128173828125
ExampleUntangleAndStraightenWorms,16w_4c,4,16,0.5056280149146914,0.0,4.626220545032993,5.197235284023918,3.458546743340765,16,3.9757227909285575,63.61156465485692,13.750223110991625,3701.5703125,success,,,4,3.6148147583007812
ExampleUntangleWorms,16w_4c,4,16,0.5911498609930277,0.0,4.465668954071589,5.082021847018041,3.58288985694113,16,3.7546325019793594,60.074120031669736,13.45243470788334,3680.1875,success,,,4,3.59393310546875
ExampleUntangleWormsBrightField,16w_4c,4,16,0.7275450909510255,0.0,10.534325169981456,11.300346164032817,1.5188443247977093,16,8.755023359903134,140.08037375845015,13.297517543660248,4140.4453125,success,,,4,4.043403625488281
ExampleVitra,16w_4c,4,16,0.4601982849417254,0.0,6.366791964974254,6.840512663940899,2.513039547706456,16,4.796232418972068,76.73971870355308,12.053121748868609,4473.19921875,success,,,4,4.368358612060547
ExampleWoundHealing,16w_4c,4,16,0.4283738089725375,0.0,8.086828498053364,8.524550416972488,1.978525945474356,16,900.0,14400.0,1780.6733509269204,5828.8125,success,,,4,5.69219970703125
ExampleYeastColonies,16w_4c,4,16,0.6743716689525172,0.0,14.835470627993343,15.54121532093268,1.078496287796174,16,15.847964417072944,253.5674306731671,17.09197079293903,5209.91015625,success,,,4,5.087802886962891
ExampleYeastPatches,16w_4c,4,16,0.5950598979834467,0.0,7.326542658032849,7.986207623966038,2.183840420618795,16,7.491444787941873,119.86311660706995,16.36011993674146,4619.6875,success,,,4,4.51141357421875
cp_tutorial_3d_monolayer,16w_4c,4,16,0.8934008829528466,0.0,20.30461191898212,21.241840709000822,0.7879983160398216,16,16.86580688902177,269.8529102243483,13.290227427201977,8111.69140625,success,,,4,7.921573638916016
cp_tutorial_advanced_segmentation_final,16w_4c,4,16,0.7955889869481325,0.0,34.27928413404152,35.09524028596934,0.4667542045929418,16,39.6165256559616,633.8644104953855,18.49117992128423,6791.3359375,success,,,4,6.632164001464844
cp_tutorial_quality_control,16w_4c,4,16,0.3229739499511197,0.0,4.500186317018233,4.848795036086813,3.5554083482039918,16,5.391568231047131,86.2650916967541,19.169226698576395,4041.0234375,success,,,4,3.9463119506835938
cp_tutorial_beginner_segmentation_final,16w_4c,4,16,0.5750934410607442,0.0,18.017877668025903,18.609185811015777,0.8880069170628914,16,18.625088742002845,298.0014198720455,16.53920763380871,5254.265625,success,,,4,5.1311187744140625
cp_tutorial_pixel_based_classification,16w_4c,4,16,0.4079631409840658,0.0,5.451500822091475,5.865201538079418,2.934971583451322,16,5.106353026931174,81.70164843089879,14.98700102911364,5094.54296875,success,,,4,4.975139617919922
cp_tutorial_translocation_final,16w_4c,4,16,0.4500386019935831,0.0,4.430975960101932,4.928265652968548,3.610942632970622,16,3.5820830130251125,57.3133282084018,12.934696266572235,4198.83203125,success,,,4,4.100421905517578
cp4_supplement_combine_objects,16w_4c,4,16,0.2964697590796277,0.0,2.340025987010449,2.6705933610210195,6.837530902996999,16,2.078912112978287,33.26259380765259,14.214625817103826,3951.58203125,success,,,4,3.858966827392578
cp_tutorial_translocation_start,16w_4c,4,16,0.3023252770071849,0.0,2.9771215290529653,3.300735335913487,5.374318731654084,16,2.469631485058926,39.51410376094282,13.27258675043488,4158.5859375,success,,,4,4.061119079589844
