case_name,worker_count,well_count,worker_slot,axis_id,step_name,started_at,completed_at,step_seconds
cp_tutorial_3d_monolayer,1,1,worker_0,A01,RescaleIntensity,1791333529.8659205,1791333530.013584,0.14766335487365723
cp_tutorial_3d_monolayer,1,1,worker_0,A01,Resize,1791333530.0138907,1791333530.0702615,0.05637073516845703
cp_tutorial_3d_monolayer,1,1,worker_0,A01,MedianFilter,1791333530.0705554,1791333530.236722,0.1661665439605713
cp_tutorial_3d_monolayer,1,1,worker_0,A01,Threshold,1791333530.237064,1791333530.2738302,0.03676629066467285
cp_tutorial_3d_monolayer,1,1,worker_0,A01,RemoveHoles,1791333530.2748353,1791333530.291761,0.016925573348999023
cp_tutorial_3d_monolayer,1,1,worker_0,A01,Watershed,1791333530.292128,1791333530.3799567,0.0878286361694336
cp_tutorial_3d_monolayer,1,1,worker_0,A01,ResizeObjects,1791333530.380377,1791333530.4092453,0.02886819839477539
cp_tutorial_3d_monolayer,1,1,worker_0,A01,ErodeObjects,1791333530.4096673,1791333530.4610066,0.05133938789367676
cp_tutorial_3d_monolayer,1,1,worker_0,A01,ResizeObjects,1791333530.4614851,1791333530.486172,0.024686813354492188
cp_tutorial_3d_monolayer,1,1,worker_0,A01,ConvertObjectsToImage,1791333530.4866586,1791333530.5060046,0.019345998764038086
cp_tutorial_3d_monolayer,1,1,worker_0,A01,Threshold,1791333530.5064733,1791333530.6549654,0.14849209785461426
cp_tutorial_3d_monolayer,1,1,worker_0,A01,ImageMath,1791333530.6553235,1791333530.6878998,0.03257632255554199
cp_tutorial_3d_monolayer,1,1,worker_0,A01,RemoveHoles,1791333530.6884077,1791333530.744216,0.055808305740356445
cp_tutorial_3d_monolayer,1,1,worker_0,A01,ImageMath,1791333530.7447083,1791333531.0783184,0.33361005783081055
cp_tutorial_3d_monolayer,1,1,worker_0,A01,Resize,1791333531.078653,1791333531.1458504,0.06719732284545898
cp_tutorial_3d_monolayer,1,1,worker_0,A01,Closing,1791333531.150488,1791333531.2294233,0.07893538475036621
cp_tutorial_3d_monolayer,1,1,worker_0,A01,Resize,1791333531.2299163,1791333531.2842882,0.05437183380126953
cp_tutorial_3d_monolayer,1,1,worker_0,A01,Threshold,1791333531.2847846,1791333531.4828956,0.19811105728149414
cp_tutorial_3d_monolayer,1,1,worker_0,A01,MaskImage,1791333531.483419,1791333531.5278435,0.04442453384399414
cp_tutorial_3d_monolayer,1,1,worker_0,A01,ErodeImage,1791333531.5300164,1791333531.561517,0.03150057792663574
cp_tutorial_3d_monolayer,1,1,worker_0,A01,Watershed,1791333531.5620294,1791333531.6485834,0.08655405044555664
cp_tutorial_3d_monolayer,1,1,worker_0,A01,MeasureObjectIntensity,1791333531.6491804,1791333532.1741712,0.5249907970428467
cp_tutorial_3d_monolayer,1,1,worker_0,A01,MeasureObjectSizeShape,1791333532.1746266,1791333532.369684,0.19505739212036133
cp_tutorial_3d_monolayer,1,1,worker_0,A01,OverlayObjects,1791333532.370051,1791333532.3910334,0.02098250389099121
cp_tutorial_3d_monolayer,1,1,worker_0,A01,RescaleIntensity,1791333532.3922362,1791333532.4505072,0.058270931243896484
cp_tutorial_3d_monolayer,1,1,worker_0,A01,OverlayObjects,1791333532.450859,1791333532.4700546,0.019195556640625
cp_tutorial_3d_monolayer,1,1,worker_0,A01,ConvertObjectsToImage,1791333532.470642,1791333532.5056145,0.034972429275512695
cp_tutorial_3d_monolayer,1,1,worker_0,A01,SaveImages,1791333532.506186,1791333532.5617085,0.05552244186401367
cp_tutorial_3d_monolayer,1,1,worker_0,A01,ConvertObjectsToImage,1791333532.5623376,1791333532.5961444,0.033806800842285156
cp_tutorial_3d_monolayer,1,1,worker_0,A01,SaveImages,1791333532.5968666,1791333532.6535697,0.05670309066772461
cp_tutorial_3d_monolayer,1,1,,,ExportToSpreadsheet,1791333532.6584222,1791333532.6821747,0.023752450942993164
